/*
SQLyog Ultimate v11.24 (32 bit)
MySQL - 5.7.40 : Database - usdtpay
*********************************************************************
*/

/*!40101 SET NAMES utf8 */;

/*!40101 SET SQL_MODE=''*/;

/*!40014 SET @OLD_UNIQUE_CHECKS=@@UNIQUE_CHECKS, UNIQUE_CHECKS=0 */;
/*!40101 SET @OLD_SQL_MODE=@@SQL_MODE, SQL_MODE='NO_AUTO_VALUE_ON_ZERO' */;
/*!40111 SET @OLD_SQL_NOTES=@@SQL_NOTES, SQL_NOTES=0 */;
/*Table structure for table `pay_admin` */

CREATE TABLE `pay_admin` (
  `id` int(11) unsigned NOT NULL AUTO_INCREMENT COMMENT '管理员ID',
  `username` varchar(50) NOT NULL COMMENT '后台用户名',
  `password` varchar(32) NOT NULL COMMENT '后台用户密码',
  `groupid` tinyint(1) unsigned DEFAULT '0' COMMENT '用户组',
  `createtime` int(11) unsigned NOT NULL DEFAULT '0' COMMENT '创建时间',
  PRIMARY KEY (`id`)
) ENGINE=MyISAM AUTO_INCREMENT=2 DEFAULT CHARSET=utf8;

/*Data for the table `pay_admin` */

insert  into `pay_admin`(`id`,`username`,`password`,`groupid`,`createtime`) values (1,'adminroot','75dff525140d663352af0ab2d8cfa51a',1,0);

/*Table structure for table `pay_apimoney` */

CREATE TABLE `pay_apimoney` (
  `id` int(10) unsigned NOT NULL AUTO_INCREMENT,
  `userid` int(11) NOT NULL DEFAULT '0',
  `payapiid` int(11) DEFAULT NULL,
  `money` decimal(15,3) NOT NULL DEFAULT '0.000',
  `freezemoney` decimal(15,3) NOT NULL DEFAULT '0.000' COMMENT '冻结金额',
  `status` smallint(6) NOT NULL DEFAULT '1',
  PRIMARY KEY (`id`)
) ENGINE=MyISAM AUTO_INCREMENT=550 DEFAULT CHARSET=utf8;

/*Data for the table `pay_apimoney` */

insert  into `pay_apimoney`(`id`,`userid`,`payapiid`,`money`,`freezemoney`,`status`) values (10,6,219,'1000.000','0.000',1),(11,6,216,'250563.910','0.000',1),(12,9,216,'1622.620','0.000',1),(13,9,210,'984.010','0.000',1),(14,9,207,'275.530','0.000',1),(15,9,213,'196.810','0.000',1),(16,7,207,'15045.460','0.000',1),(17,7,213,'16285.430','0.000',1),(18,12,210,'43339.640','0.000',1),(19,7,216,'38490.240','0.000',1),(20,11,207,'260596.940','0.000',1),(21,11,210,'263429.020','0.000',1),(22,12,207,'28598.120','0.000',1),(23,12,216,'47402.410','0.000',1),(24,11,216,'130887.270','0.000',1),(25,11,213,'215114.130','0.000',1),(26,7,210,'14479.550','0.000',1),(27,12,213,'44901.240','0.000',1),(28,17,216,'99910.280','0.000',1),(29,15,213,'4803.880','0.000',1),(30,15,207,'13429.200','0.000',1),(31,18,210,'51948.310','0.000',1),(32,18,207,'41620.240','0.000',1),(33,15,216,'12853.010','0.000',1),(34,18,213,'32861.660','0.000',1),(35,15,210,'5518.280','0.000',1),(36,11,235,'110885.550','0.000',1),(37,11,227,'142838.920','0.000',1),(38,11,232,'114613.040','0.000',1),(39,18,216,'23041.340','0.000',1),(40,2,232,'0.030','0.000',1),(41,2,227,'0.030','0.000',1),(42,2,235,'1.020','0.000',1),(43,2,223,'0.010','0.000',1),(44,2,220,'0.020','0.000',1),(45,11,220,'113230.590','0.000',1),(46,11,223,'56226.930','0.000',1),(47,6,213,'27623.830','0.000',1),(48,17,210,'10201.570','0.000',1),(49,6,223,'87462.240','0.000',1),(50,6,210,'33693.150','0.000',1),(51,17,207,'16770.320','0.000',1),(52,18,220,'42961.440','0.000',1),(53,17,235,'24497.720','0.000',1),(54,17,220,'77364.760','0.000',1),(55,17,223,'54720.360','0.000',1),(56,18,227,'8406.310','0.000',1),(57,6,227,'26926.460','0.000',1),(58,17,227,'21287.760','0.000',1),(59,7,227,'10943.070','0.000',1),(60,6,207,'28261.360','0.000',1),(61,12,220,'19102.350','0.000',1),(62,17,213,'8905.290','0.000',1),(63,15,220,'13539.530','0.000',1),(64,6,232,'113365.850','0.000',1),(65,6,220,'123658.850','0.000',1),(66,12,235,'2151.020','0.000',1),(67,12,227,'954.580','0.000',1),(68,12,232,'17001.630','0.000',1),(69,17,232,'72496.120','0.000',1),(70,18,235,'5744.590','0.000',1),(71,7,223,'37446.260','0.000',1),(72,12,223,'7609.240','0.000',1),(73,6,235,'26145.860','0.000',1),(74,18,223,'34884.760','0.000',1),(75,15,227,'8987.860','0.000',1),(76,15,232,'8846.160','0.000',1),(77,7,232,'31372.110','0.000',1),(78,18,232,'92479.270','0.000',1),(79,16,216,'52.140','0.000',1),(80,16,207,'0.980','0.000',1),(81,7,220,'44878.740','0.000',1),(82,7,235,'6966.920','0.000',1),(83,15,235,'10786.610','0.000',1),(84,15,223,'9435.560','0.000',1),(85,16,210,'0.980','0.000',1),(86,16,213,'0.980','0.000',1),(87,19,216,'1220.170','0.000',1),(88,19,210,'0.010','0.000',1),(89,24,207,'11139.560','0.000',1),(90,24,227,'157243.200','0.000',1),(91,19,223,'565.810','0.000',1),(92,25,223,'243684.170','0.000',1),(93,25,232,'245303.100','0.000',1),(94,25,216,'242782.860','0.000',1),(95,24,232,'359698.130','0.000',1),(96,25,220,'235945.720','0.000',1),(97,24,223,'320933.210','0.000',1),(98,9,232,'1922.740','0.000',1),(99,26,223,'5801.670','0.000',1),(100,26,216,'12792.000','0.000',1),(101,26,232,'27446.700','0.000',1),(102,26,220,'25639.090','0.000',1),(103,2,238,'109.740','0.000',1),(104,25,238,'150059.180','0.000',1),(105,11,238,'12776.250','0.000',1),(106,27,216,'5000.790','0.000',1),(107,27,232,'14970.680','0.000',1),(108,27,223,'3522.730','0.000',1),(109,12,238,'2629.250','0.000',1),(110,27,220,'5030.710','0.000',1),(111,9,220,'4103.280','0.000',1),(112,16,223,'108.240','0.000',1),(113,24,220,'263326.270','0.000',1),(114,24,238,'12361.000','0.000',1),(115,24,216,'211640.610','0.000',1),(116,26,238,'1373.660','0.000',1),(117,7,238,'22605.630','0.000',1),(118,30,216,'0.980','0.000',1),(119,15,238,'4673.190','0.000',1),(120,30,220,'11.800','0.000',1),(121,30,232,'9.840','0.000',1),(122,27,238,'4355.180','0.000',1),(123,31,216,'3453.840','0.000',1),(124,9,223,'1690.510','0.000',1),(125,17,238,'15772.520','0.000',1),(126,28,216,'1365.790','0.000',1),(127,6,238,'44032.030','0.000',1),(128,18,238,'45801.260','0.000',1),(129,2,241,'11552.050','0.000',1),(130,37,220,'14.760','0.000',1),(131,37,232,'984.000','0.000',1),(132,19,220,'2794.560','0.000',1),(133,19,238,'6375.330','0.000',1),(134,31,232,'8344.320','0.000',1),(135,31,220,'8270.520','0.000',1),(136,16,220,'98.400','0.000',1),(137,31,223,'9121.670','0.000',1),(138,31,238,'1200.480','0.000',1),(139,19,232,'263.710','0.000',1),(140,38,220,'8877.640','0.000',1),(141,38,223,'8819.590','0.000',1),(142,25,235,'158834.410','0.000',1),(143,25,227,'114504.160','0.000',1),(144,24,235,'170790.920','0.000',1),(145,19,227,'1190.640','0.000',1),(146,19,235,'2105.760','0.000',1),(147,2,213,'0.010','0.000',1),(148,27,235,'3716.670','0.000',1),(149,9,227,'68.880','0.000',1),(150,31,235,'1426.800','0.000',1),(151,38,235,'9446.400','0.000',1),(152,27,227,'1486.820','0.000',1),(153,38,232,'6691.200','0.000',1),(154,31,227,'590.400','0.000',1),(155,32,220,'119.060','0.000',1),(156,38,216,'4055.060','0.000',1),(157,39,213,'9.840','0.000',1),(158,39,232,'108.240','0.000',1),(159,39,216,'206.640','0.000',1),(160,9,235,'806.880','0.000',1),(161,40,238,'3.420','0.000',1),(162,40,210,'1862.050','0.000',1),(163,40,213,'98.480','0.000',1),(164,39,238,'1121.760','0.000',1),(165,39,220,'309.960','0.000',1),(166,38,238,'19.680','0.000',1),(167,38,227,'1102.080','0.000',1),(168,28,220,'1082.400','0.000',1),(169,28,227,'196.800','0.000',1),(170,39,210,'265.680','0.000',1),(171,39,235,'551.040','0.000',1),(172,13,210,'1328.400','0.000',1),(173,28,232,'196.800','0.000',1),(174,25,210,'11300.470','0.000',1),(175,25,207,'28477.950','0.000',1),(176,25,213,'8687.730','0.000',1),(177,38,210,'201.720','0.000',1),(178,28,223,'984.000','0.000',1),(179,17,257,'2921.490','0.000',1),(180,12,257,'9.840','0.000',1),(181,15,263,'2115.600','0.000',1),(182,24,260,'21173.710','0.000',1),(183,11,263,'708.490','0.000',1),(184,25,269,'85998.870','0.000',1),(185,25,272,'61823.730','0.000',1),(186,7,257,'4423.080','0.000',1),(187,2,266,'1.980','0.000',1),(188,2,260,'0.010','0.000',1),(189,25,260,'106185.640','0.000',1),(190,2,269,'0.990','0.000',1),(191,2,272,'0.990','0.000',1),(192,2,263,'1.010','0.000',1),(193,9,266,'4546.080','0.000',1),(194,17,263,'1167.020','0.000',1),(195,17,260,'15998.850','0.000',1),(196,17,266,'8461.410','0.000',1),(197,12,260,'1497.640','0.000',1),(198,25,263,'13609.700','0.000',1),(199,25,266,'90558.300','0.000',1),(200,18,266,'8895.360','0.000',1),(201,31,263,'2952.000','0.000',1),(202,17,272,'4628.960','0.000',1),(203,11,257,'501.940','0.000',1),(204,11,269,'22558.930','0.000',1),(205,24,266,'13948.200','0.000',1),(206,15,266,'10514.040','0.000',1),(207,7,266,'3506.980','0.000',1),(208,24,257,'1476.000','0.000',1),(209,24,269,'13152.140','0.000',1),(210,13,266,'344.400','0.000',1),(211,38,263,'103.320','0.000',1),(212,7,263,'816.720','0.000',1),(213,11,260,'18976.430','0.000',1),(214,25,257,'11128.060','0.000',1),(215,11,266,'5792.730','0.000',1),(216,12,272,'847.720','0.000',1),(217,15,257,'649.440','0.000',1),(218,27,260,'1144.390','0.000',1),(219,6,263,'177.120','0.000',1),(220,9,263,'836.400','0.000',1),(221,7,272,'14284.730','0.000',1),(222,24,272,'1377.710','0.000',1),(223,38,272,'9.840','0.000',1),(224,19,269,'787.200','0.000',1),(225,6,260,'7836.580','0.000',1),(226,6,266,'4457.520','0.000',1),(227,6,257,'361.130','0.000',1),(228,32,266,'344.400','0.000',1),(229,32,235,'19.680','0.000',1),(230,12,263,'0.980','0.000',1),(231,15,260,'16280.280','0.000',1),(232,24,263,'2961.840','0.000',1),(233,18,272,'6135.240','0.000',1),(234,6,269,'14840.680','0.000',1),(235,17,269,'12956.310','0.000',1),(236,18,257,'688.800','0.000',1),(237,9,269,'3670.320','0.000',1),(238,18,269,'14726.540','0.000',1),(239,38,269,'365.060','0.000',1),(240,38,257,'44.280','0.000',1),(241,18,260,'9891.370','0.000',1),(242,15,269,'10691.350','0.000',1),(243,6,272,'7306.200','0.000',1),(244,11,272,'7947.760','0.000',1),(245,15,272,'8870.740','0.000',1),(246,19,266,'639.600','0.000',1),(247,39,257,'280.440','0.000',1),(248,7,269,'15354.340','0.000',1),(249,2,242,'0.010','0.000',1),(250,2,245,'0.010','0.000',1),(251,2,248,'0.010','0.000',1),(252,2,251,'0.010','0.000',1),(253,2,254,'2.010','0.000',1),(254,11,248,'9923.230','0.000',1),(255,11,245,'10667.460','0.000',1),(256,12,242,'1007.120','0.000',1),(257,11,242,'6526.690','0.000',1),(258,11,254,'1230.290','0.000',1),(259,7,254,'344.400','0.000',1),(260,7,251,'7332.770','0.000',1),(261,12,248,'1128.440','0.000',1),(262,12,251,'740.950','0.000',1),(263,11,251,'3685.070','0.000',1),(264,6,245,'16577.420','0.000',1),(265,40,269,'7.920','0.000',1),(266,19,263,'49.200','0.000',1),(267,39,260,'799.990','0.000',1),(268,9,257,'196.800','0.000',1),(269,7,248,'12142.670','0.000',1),(270,18,263,'531.360','0.000',1),(271,7,245,'6094.890','0.000',1),(272,9,272,'3081.890','0.000',1),(273,39,263,'59.040','0.000',1),(274,6,248,'14987.300','0.000',1),(275,19,257,'98.400','0.000',1),(276,39,272,'1249.680','0.000',1),(277,31,257,'738.000','0.000',1),(278,19,272,'865.920','0.000',1),(279,6,251,'8147.510','0.000',1),(280,7,260,'12781.170','0.000',1),(281,40,257,'15.650','0.000',1),(282,6,254,'1476.000','0.000',1),(283,9,260,'3347.570','0.000',1),(284,43,241,'31907.400','0.000',1),(285,13,263,'101.350','0.000',1),(286,6,242,'11841.450','0.000',1),(287,12,245,'928.030','0.000',1),(288,27,272,'413.280','0.000',1),(289,45,263,'0.980','0.000',1),(290,45,251,'2487.550','0.000',1),(291,45,272,'553.990','0.000',1),(292,45,248,'3167.490','0.000',1),(293,45,207,'98.400','0.000',1),(294,45,260,'485.110','0.000',1),(295,45,242,'714.390','0.000',1),(296,39,207,'91.510','0.000',1),(297,7,242,'3038.790','0.000',1),(298,45,220,'694.700','0.000',1),(299,45,245,'1577.350','0.000',1),(300,39,242,'293.230','0.000',1),(301,27,269,'1754.470','0.000',1),(302,18,242,'7910.380','0.000',1),(303,18,251,'6269.060','0.000',1),(304,18,248,'6245.540','0.000',1),(305,17,248,'5161.100','0.000',1),(306,25,248,'48905.640','0.000',1),(307,17,251,'2267.140','0.000',1),(308,25,245,'41667.790','0.000',1),(309,25,251,'23966.330','0.000',1),(310,25,242,'33409.400','0.000',1),(311,15,242,'12918.920','0.000',1),(312,15,245,'15641.650','0.000',1),(313,18,245,'6327.120','0.000',1),(314,38,242,'472.320','0.000',1),(315,19,242,'2056.560','0.000',1),(316,19,251,'683.880','0.000',1),(317,17,245,'2892.960','0.000',1),(318,46,251,'98.400','0.000',1),(319,45,269,'216.480','0.000',1),(320,45,266,'537.260','0.000',1),(321,47,245,'7321.960','0.000',1),(322,47,251,'4370.900','0.000',1),(323,47,248,'3700.820','0.000',1),(324,47,242,'9298.810','0.000',1),(325,47,223,'1319.530','0.000',1),(326,47,216,'508.730','0.000',1),(327,47,266,'3544.360','0.000',1),(328,47,272,'3985.200','0.000',1),(329,39,245,'477.240','0.000',1),(330,47,260,'1933.560','0.000',1),(331,15,251,'7916.280','0.000',1),(332,51,251,'14.760','0.000',1),(333,47,269,'4067.870','0.000',1),(334,48,260,'216.480','0.000',1),(335,51,248,'114.140','0.000',1),(336,51,242,'141.700','0.000',1),(337,50,238,'9.840','0.000',1),(338,51,245,'29.520','0.000',1),(339,51,269,'49.200','0.000',1),(340,50,245,'39.360','0.000',1),(341,45,223,'255.840','0.000',1),(342,48,251,'1072.560','0.000',1),(343,48,242,'1426.800','0.000',1),(344,48,272,'678.960','0.000',1),(345,48,248,'3424.320','0.000',1),(346,48,216,'9.840','0.000',1),(347,47,220,'1528.150','0.000',1),(348,9,251,'472.320','0.000',1),(349,9,248,'3337.730','0.000',1),(350,48,266,'836.400','0.000',1),(351,49,238,'98.400','0.000',1),(352,47,238,'486.660','0.000',1),(353,56,269,'10.820','0.000',1),(354,46,248,'1062.720','0.000',1),(355,48,245,'3595.540','0.000',1),(356,48,223,'88.560','0.000',1),(357,51,220,'29.520','0.000',1),(358,56,223,'19.680','0.000',1),(359,57,269,'9.840','0.000',1),(360,57,223,'49.200','0.000',1),(361,48,238,'196.800','0.000',1),(362,56,248,'29.520','0.000',1),(363,47,207,'88.560','0.000',1),(364,45,238,'167.280','0.000',1),(365,48,269,'698.640','0.000',1),(366,27,266,'1065.670','0.000',1),(367,48,207,'78.720','0.000',1),(368,39,248,'510.700','0.000',1),(369,27,251,'1170.960','0.000',1),(370,17,242,'1902.070','0.000',1),(371,31,242,'1907.990','0.000',1),(372,2,275,'0.020','0.000',1),(373,39,269,'137.760','0.000',1),(374,45,216,'29.520','0.000',1),(375,49,251,'98.400','0.000',1),(376,12,266,'2139.350','0.000',1),(377,15,248,'8792.030','0.000',1),(378,49,245,'373.920','0.000',1),(379,12,269,'1185.240','0.000',1),(380,31,260,'7252.090','0.000',1),(381,53,223,'0.980','0.000',1),(382,53,272,'0.980','0.000',1),(383,44,260,'1044.020','0.000',1),(384,44,223,'1703.300','0.000',1),(385,44,269,'227.310','0.000',1),(386,44,248,'119.080','0.000',1),(387,44,245,'42.570','0.000',1),(388,44,251,'1.060','0.000',1),(389,44,238,'19094.740','0.000',1),(390,19,248,'676.990','0.000',1),(391,57,216,'787.200','0.000',1),(392,47,276,'4202.660','0.000',1),(393,9,245,'4811.760','0.000',1),(394,53,276,'157.440','0.000',1),(395,49,272,'98.400','0.000',1),(396,53,266,'49.200','0.000',1),(397,53,269,'196.800','0.000',1),(398,46,220,'3378.070','0.000',1),(399,53,238,'2363.570','0.000',1),(400,49,266,'295.200','0.000',1),(401,58,276,'11.810','0.000',1),(402,58,238,'4651.340','0.000',1),(403,44,276,'30.500','0.000',1),(404,31,269,'885.600','0.000',1),(405,27,245,'1810.560','0.000',1),(406,7,276,'5291.960','0.000',1),(407,44,220,'1961.110','0.000',1),(408,48,276,'568.750','0.000',1),(409,49,276,'98.400','0.000',1),(410,46,223,'2361.600','0.000',1),(411,44,207,'787.200','0.000',1),(412,13,269,'246.000','0.000',1),(413,2,276,'0.400','0.000',1),(414,19,260,'1429.750','0.000',1),(415,46,269,'509.710','0.000',1),(416,46,242,'541.200','0.000',1),(417,19,245,'315.860','0.000',1),(418,11,276,'389.670','0.000',1),(419,27,248,'1166.040','0.000',1),(420,9,242,'3079.920','0.000',1),(421,38,207,'19.680','0.000',1),(422,31,272,'393.600','0.000',1),(423,46,238,'4349.280','0.000',1),(424,55,276,'600.240','0.000',1),(425,55,269,'10.820','0.000',1),(426,28,269,'1060.750','0.000',1),(427,55,266,'98.400','0.000',1),(428,44,242,'386.710','0.000',1),(429,28,242,'492.000','0.000',1),(430,46,276,'261.740','0.000',1),(431,39,251,'344.400','0.000',1),(432,46,266,'1692.480','0.000',1),(433,39,266,'667.150','0.000',1),(434,46,272,'934.800','0.000',1),(435,13,207,'147.600','0.000',1),(436,27,242,'627.790','0.000',1),(437,31,266,'1603.920','0.000',1),(438,46,216,'1771.200','0.000',1),(439,51,276,'225.340','0.000',1),(440,44,216,'600.240','0.000',1),(441,38,260,'378.840','0.000',1),(442,44,266,'601.430','0.000',1),(443,44,272,'787.200','0.000',1),(444,13,260,'98.400','0.000',1),(445,31,248,'984.000','0.000',1),(446,13,220,'98.400','0.000',1),(447,13,248,'98.400','0.000',1),(448,31,245,'324.720','0.000',1),(449,13,223,'196.800','0.000',1),(450,38,248,'98.400','0.000',1),(451,54,248,'0.980','0.000',1),(452,31,207,'551.040','0.000',1),(453,28,266,'295.200','0.000',1),(454,39,223,'349.320','0.000',1),(455,28,238,'492.000','0.000',1),(456,24,245,'1979.800','0.000',1),(457,2,278,'0.020','0.000',1),(458,46,245,'787.200','0.000',1),(459,54,241,'6.470','0.000',1),(460,54,266,'1.010','0.000',1),(461,54,269,'2.000','0.000',1),(462,24,242,'2431.460','0.000',1),(463,18,276,'196.800','0.000',1),(464,52,220,'259.780','0.000',1),(465,52,278,'754.730','0.000',1),(466,52,238,'94.470','0.000',1),(467,24,248,'6339.900','0.000',1),(468,52,216,'36.410','0.000',1),(469,6,278,'12229.140','0.000',1),(470,59,248,'49.200','0.000',1),(471,59,223,'49.200','0.000',1),(472,59,266,'49.200','0.000',1),(473,59,241,'5019.700','0.000',1),(474,32,238,'95.450','0.000',1),(475,32,216,'167.280','0.000',1),(476,25,278,'13926.550','0.000',1),(477,32,272,'11.810','0.000',1),(478,52,223,'147.600','0.000',1),(479,24,278,'14375.120','0.000',1),(480,46,278,'885.600','0.000',1),(481,44,278,'1672.800','0.000',1),(482,54,278,'0.980','0.000',1),(483,63,241,'9.940','0.000',1),(484,61,220,'196.800','0.000',1),(485,61,266,'1968.000','0.000',1),(486,61,269,'492.000','0.000',1),(487,63,223,'14.760','0.000',1),(488,63,238,'108.240','0.000',1),(489,7,278,'1189.660','0.000',1),(490,62,241,'1391.600','0.000',1),(491,61,238,'10824.000','0.000',1),(492,39,278,'295.200','0.000',1),(493,18,278,'984.000','0.000',1),(494,61,216,'1230.980','0.000',1),(495,61,207,'393.600','0.000',1),(496,61,245,'1082.400','0.000',1),(497,63,269,'590.400','0.000',1),(498,15,278,'49.200','0.000',1),(499,62,242,'196.800','0.000',1),(500,61,241,'7311.860','0.000',1),(501,28,278,'295.200','0.000',1),(502,61,278,'3050.400','0.000',1),(503,28,260,'688.800','0.000',1),(504,28,245,'492.000','0.000',1),(505,54,245,'98.400','0.000',1),(506,54,223,'0.980','0.000',1),(507,54,272,'0.980','0.000',1),(508,62,248,'196.800','0.000',1),(509,61,242,'1956.190','0.000',1),(510,63,216,'98.400','0.000',1),(511,62,266,'196.800','0.000',1),(512,62,220,'295.200','0.000',1),(513,19,207,'68.880','0.000',1),(514,32,260,'19.680','0.000',1),(515,32,278,'49.200','0.000',1),(516,32,223,'49.200','0.000',1),(517,11,278,'5632.430','0.000',1),(518,31,278,'2952.000','0.000',1),(519,38,266,'19.680','0.000',1),(520,19,278,'373.920','0.000',1),(521,63,260,'216.480','0.000',1),(522,27,278,'196.800','0.000',1),(523,28,248,'787.200','0.000',1),(524,62,278,'393.600','0.000',1),(525,61,272,'98.400','0.000',1),(526,2,281,'0.980','0.000',1),(527,12,281,'935.970','0.000',1),(528,11,281,'2839.980','0.000',1),(529,54,216,'118.080','0.000',1),(530,32,242,'49.200','0.000',1),(531,63,248,'295.200','0.000',1),(532,59,216,'49.200','0.000',1),(533,61,223,'98.400','0.000',1),(534,16,266,'0.980','0.000',1),(535,16,260,'0.980','0.000',1),(536,32,248,'98.400','0.000',1),(537,25,281,'4884.580','0.000',1),(538,46,207,'98.400','0.000',1),(539,19,281,'182.040','0.000',1),(540,6,281,'995.810','0.000',1),(541,61,281,'9446.400','0.000',1),(542,7,281,'147.600','0.000',1),(543,39,281,'28.540','0.000',1),(544,24,281,'101.350','0.000',1),(545,17,281,'1270.340','0.000',1),(546,31,281,'98.400','0.000',1),(547,15,281,'196.800','0.000',1),(548,27,207,'98.400','0.000',1),(549,17,278,'54.120','0.000',1);

/*Table structure for table `pay_article` */

CREATE TABLE `pay_article` (
  `id` int(11) unsigned NOT NULL AUTO_INCREMENT,
  `catid` smallint(6) unsigned NOT NULL DEFAULT '0' COMMENT '分类ID',
  `title` varchar(300) NOT NULL COMMENT '标题',
  `content` text COMMENT '内容',
  `createtime` int(11) unsigned NOT NULL DEFAULT '0',
  `description` varchar(255) NOT NULL COMMENT '描述',
  `status` tinyint(1) unsigned NOT NULL DEFAULT '0' COMMENT '1显示 0 不显示',
  `updatetime` int(11) unsigned NOT NULL DEFAULT '0' COMMENT '更新时间',
  PRIMARY KEY (`id`)
) ENGINE=MyISAM AUTO_INCREMENT=14 DEFAULT CHARSET=utf8;

/*Data for the table `pay_article` */

insert  into `pay_article`(`id`,`catid`,`title`,`content`,`createtime`,`description`,`status`,`updatetime`) values (13,4,'测试通道','<p>测试通道55</p>',1489680000,'测试通道55',1,1731163296);

/*Table structure for table `pay_attachment` */

CREATE TABLE `pay_attachment` (
  `id` int(11) unsigned NOT NULL AUTO_INCREMENT,
  `userid` int(11) unsigned NOT NULL DEFAULT '0' COMMENT '商户编号',
  `filename` varchar(100) NOT NULL,
  `path` varchar(255) NOT NULL,
  PRIMARY KEY (`id`)
) ENGINE=MyISAM AUTO_INCREMENT=49 DEFAULT CHARSET=utf8;

/*Data for the table `pay_attachment` */

insert  into `pay_attachment`(`id`,`userid`,`filename`,`path`) values (48,2,'242dd42a2834349b88359f1eccea15ce36d3be7e.jpg','Uploads/verifyinfo/59a2b65d0816c.jpg'),(46,2,'6-140F316125V44.jpg','Uploads/verifyinfo/59a2b65cd9877.jpg'),(47,2,'6-140F316132J02.jpg','Uploads/verifyinfo/59a2b65cea2ec.jpg');

/*Table structure for table `pay_auth_group` */

CREATE TABLE `pay_auth_group` (
  `id` mediumint(8) unsigned NOT NULL AUTO_INCREMENT,
  `title` char(100) NOT NULL DEFAULT '',
  `status` tinyint(1) NOT NULL DEFAULT '1',
  `is_manager` tinyint(1) unsigned NOT NULL DEFAULT '0' COMMENT '1需要验证权限 0 不需要验证权限',
  `rules` varchar(500) NOT NULL DEFAULT '',
  PRIMARY KEY (`id`)
) ENGINE=MyISAM AUTO_INCREMENT=6 DEFAULT CHARSET=utf8;

/*Data for the table `pay_auth_group` */

insert  into `pay_auth_group`(`id`,`title`,`status`,`is_manager`,`rules`) values (1,'超级管理员',1,0,'1,77,2,8,9,3,16,27,28,29,17,30,31,32,18,33,34,35,36,37,38,39,40,41,42,43,44,45,46,47,48,49,19,50,51,52,53,4,14,54,55,56,57,58,15,59,60,61,62,63,64,5,23,65,66,24,67,6,13,68,69,70,71,73,76,25,72,26,74,75,7,12,78,79,80,81,82,22,83,84,85,86,87,89,90'),(2,'运营管理员',1,0,'1,77,3,17,30,31,32,18,33,34,35,36,39,40,41,42,43,44,45,46,47,48,49,19,50,51,52,53,88,4,14,54,55,56,57,15,59,60,61,62,63,5,23,65,66,24,67,6,13,68,69,70,71,73,76,25,72'),(3,'财务管理员',1,1,'5,23,65,66,24,67,6,13,68,69,70,71,73,76,25,72,26,74,75'),(4,'普通商户',1,1,'5,23,65,66,24,67'),(5,'普通代理商',1,1,'');

/*Table structure for table `pay_auth_group_access` */

CREATE TABLE `pay_auth_group_access` (
  `uid` mediumint(8) unsigned NOT NULL,
  `group_id` mediumint(8) unsigned NOT NULL,
  UNIQUE KEY `uid_group_id` (`uid`,`group_id`),
  KEY `uid` (`uid`),
  KEY `group_id` (`group_id`)
) ENGINE=MyISAM DEFAULT CHARSET=utf8;

/*Data for the table `pay_auth_group_access` */

insert  into `pay_auth_group_access`(`uid`,`group_id`) values (1,1),(2,5),(3,4),(4,4),(5,4),(6,4),(7,2),(7,4),(8,4),(9,4),(10,1),(11,4),(12,4),(13,4),(14,4),(15,4),(16,4),(17,4),(18,4),(19,4),(20,2),(21,2),(22,5),(23,4),(24,4),(25,4),(26,4),(27,4),(28,4),(29,5),(30,4),(31,4),(32,4),(33,4),(34,4),(35,4),(36,4),(37,4),(38,4),(39,4),(40,4),(41,5),(42,4),(43,4),(44,4),(45,4),(46,4),(47,4),(48,4),(49,4),(50,4),(51,4),(52,4),(53,4),(54,4),(55,4),(56,4),(57,4),(58,4),(59,4),(60,4),(61,4),(62,4),(63,4),(64,4),(65,4),(66,5),(67,4),(68,4);

/*Table structure for table `pay_auth_rule` */

CREATE TABLE `pay_auth_rule` (
  `id` mediumint(8) unsigned NOT NULL AUTO_INCREMENT,
  `icon` varchar(100) DEFAULT '' COMMENT '图标',
  `menu_name` varchar(100) NOT NULL DEFAULT '' COMMENT '规则唯一标识Controller/action',
  `title` varchar(100) NOT NULL DEFAULT '' COMMENT '菜单名称',
  `pid` tinyint(5) NOT NULL DEFAULT '0' COMMENT '菜单ID ',
  `is_menu` tinyint(1) unsigned DEFAULT '0' COMMENT '1:是主菜单 0否',
  `is_race_menu` tinyint(1) unsigned NOT NULL DEFAULT '0' COMMENT '1:是 0:不是',
  `type` tinyint(1) NOT NULL DEFAULT '1',
  `status` tinyint(1) NOT NULL DEFAULT '1',
  `condition` char(100) NOT NULL DEFAULT '',
  PRIMARY KEY (`id`)
) ENGINE=MyISAM AUTO_INCREMENT=91 DEFAULT CHARSET=utf8mb4;

/*Data for the table `pay_auth_rule` */

insert  into `pay_auth_rule`(`id`,`icon`,`menu_name`,`title`,`pid`,`is_menu`,`is_race_menu`,`type`,`status`,`condition`) values (1,'fa fa-home','Index/index','管理首页',0,1,0,1,1,''),(2,'fa fa-asterisk','System/#','系统设置',0,1,0,1,1,''),(3,'fa fa-user','User/#','用户管理',0,1,0,1,1,''),(4,'fa fa-bank','Channel/#','通道管理',0,1,0,1,1,''),(5,'fa fa fa-sellsy','Order/#','订单管理',0,1,0,1,1,''),(6,'fa fa fa-cubes','Withdrawal/#','提款管理',0,1,0,1,1,''),(7,'fa fa-book','Content/#','文章管理',0,1,0,1,1,''),(8,'fa fa-cog','System/base','基本设置',2,1,0,1,1,''),(9,'fa fa-envelope-o','System/email','邮件设置',2,1,0,1,1,''),(12,'fa fa-file-pdf-o','Content/category','栏目管理',7,1,0,1,1,''),(13,'fa fa-money','Withdrawal/setting','提款设置',6,1,0,1,1,''),(14,'fa fa-product-hunt','Channel/index','供应商通道管理',4,1,0,1,1,''),(15,'fa fa-product-hunt','Channel/product','支付产品管理',4,1,0,1,1,''),(16,'fa fa-users','Menu/index','权限管理',3,1,0,1,1,''),(17,'fa fa-user','Auth/index','角色管理',3,1,0,1,1,''),(18,' fa fa-user','User/index','用户管理',3,1,0,1,1,''),(19,'fa fa-code-fork','User/invitecode','邀请码管理',3,1,0,1,1,''),(79,'','Content/saveAddCategory','保存添加栏目',12,0,0,1,1,''),(78,'','Content/addCategory','添加栏目',12,0,0,1,1,''),(22,'fa fa-file-pdf-o','Content/article','文章管理',7,1,0,1,1,''),(23,'fa fa fa-sellsy','Order/index','交易管理',5,1,0,1,1,''),(24,'fa fa-first-order','Order/changeRecord','资金变动管理',5,1,0,1,1,''),(25,'fa fa-money','Withdrawal/index','提款管理',6,1,0,1,1,''),(26,'fa fa-money','Withdrawal/payment','代付管理',6,1,0,1,1,''),(27,'','Menu/addMenu','添加菜单',16,0,0,1,1,''),(28,'','Menu/editMenu','编辑菜单',16,0,0,1,1,''),(29,'','Menu/delMenu','删除菜单',16,0,0,1,1,''),(30,'','Auth/ruleGroup','分配权限',17,2,0,1,1,''),(31,'','Auth/editGroup','编辑用户组',17,2,0,1,1,''),(32,'','Auth/deleteGroup','删除用户组',17,2,0,1,1,''),(33,'','User/editStatus','编辑状态',18,2,0,1,1,''),(34,'','User/authorize','用户认证',18,2,0,1,1,''),(35,'','User/getRandstr','获取APIKEY',18,2,0,1,1,''),(36,'','User/usermoney','资金管理',18,2,0,1,1,''),(37,'','User/incrMoney','加减余额',18,2,0,1,1,''),(38,'','User/frozenMoney','冻结/解冻资金',18,2,0,1,1,''),(39,'','User/userWithdrawal','提现设置',18,2,0,1,1,''),(40,'','User/saveWithdrawal','保存提现',18,2,0,1,1,''),(41,'','User/editUserProduct','通道管理',18,2,0,1,1,''),(42,'','User/saveUserProduct','保存通道设置',18,2,0,1,1,''),(43,'','User/userRateEdit','编辑费率',18,2,0,1,1,''),(44,'','User/saveUserRate','保存费率',18,2,0,1,1,''),(45,'','User/editPassword','修改密码',18,2,0,1,1,''),(46,'','User/editUser','编辑用户',18,2,0,1,1,''),(47,'','User/saveUser','保存用户编辑',18,2,0,1,1,''),(48,'','User/delUser','删除用户',18,2,0,1,1,''),(49,'','User/exportuser','导出用户',18,2,0,1,1,''),(50,'','User/setInvite','设置邀请码',19,2,0,1,1,''),(51,'','User/saveInviteConfig','保存邀请码设置',19,2,0,1,1,''),(52,'','User/addInvite','添加邀请码',19,2,0,1,1,''),(53,'','User/delInvitecode','删除邀请码',19,2,0,1,1,''),(54,'','Channel/addSupplier','添加供应商',14,2,0,1,1,''),(55,'','Channel/saveEditSupplier','保存添加/编辑',14,2,0,1,1,''),(56,'','Channel/editRate','编辑费率',14,2,0,1,1,''),(57,'','Channel/editSupplier','编辑供应商',14,2,0,1,1,''),(58,'','Channel/delSupplier','删除供应商',14,2,0,1,1,''),(59,'','Channel/addProduct','添加产品',15,2,0,1,1,''),(60,'','Channel/saveProduct','保存添加',15,2,0,1,1,''),(61,'','Channel/prodStatus','编辑状态',15,2,0,1,1,''),(62,'','Channel/prodDisplay','编辑前端显示',15,2,0,1,1,''),(63,'','Channel/editProduct','编辑产品',15,2,0,1,1,''),(64,'','Channel/delProduct','删除产品',15,2,0,1,1,''),(65,'','Order/exportorder','导出记录',23,2,0,1,1,''),(66,'','Order/show','查看详情',23,2,0,1,1,''),(67,'','Order/exceldownload','导出记录',24,2,0,1,1,''),(68,'','Withdrawal/saveWithdrawal','保存设置',13,2,0,1,1,''),(69,'','Withdrawal/settimeEdit','编辑时间',13,2,0,1,1,''),(70,'','Withdrawal/addHoliday','编辑节假日',13,2,0,1,1,''),(71,'','Withdrawal/delHoliday','删除节假日',13,2,0,1,1,''),(72,'','Withdrawal/exportorder','导出提款记录',25,2,0,1,1,''),(73,'','Withdrawal/editStatus','编辑记录',13,2,0,1,1,''),(74,'','Withdrawal/exportweituo','导出代付记录',26,2,0,1,1,''),(75,'','Withdrawal/editwtStatus','编辑代付',26,2,0,1,1,''),(76,'','Withdrawal/checkNotice','语音提醒',13,2,0,1,1,''),(77,'','Index/main','Dashboard',1,1,0,1,1,''),(80,'','Content/editCategory','编辑栏目',12,0,0,1,1,''),(81,'','Content/saveEditCategory','保存编辑栏目',12,0,0,1,1,''),(82,'','Content/delCategory','删除栏目',12,0,0,1,1,''),(83,'','Content/addArticle','发表文章',22,0,0,1,1,''),(84,'','Content/saveAddArticle',' 保存发表文章',22,0,0,1,1,''),(85,'','Content/editArticle','编辑文章',22,0,0,1,1,''),(86,'','Content/saveEditArticle','保存编辑文章',22,0,0,1,1,''),(87,'','Content/delArticle','删除文章',22,0,0,1,1,''),(88,'','User/addInvitecode','保存添加邀请码',19,0,0,1,1,''),(89,'fa fa-home','Baobiao/#','报表',0,1,0,1,1,''),(90,'fa','Baobiao/userlist','会员统计',89,1,0,1,1,'');

/*Table structure for table `pay_bankcard` */

CREATE TABLE `pay_bankcard` (
  `id` int(10) unsigned NOT NULL AUTO_INCREMENT,
  `userid` int(11) unsigned NOT NULL DEFAULT '0' COMMENT '商户编号',
  `bankname` varchar(100) NOT NULL COMMENT '银行名称',
  `subbranch` varchar(100) NOT NULL COMMENT '支行名称',
  `accountname` varchar(100) NOT NULL COMMENT '开户名',
  `cardnumber` varchar(100) NOT NULL COMMENT '银行卡号',
  `province` varchar(100) NOT NULL COMMENT '所属省',
  `city` varchar(100) NOT NULL COMMENT '所属市',
  `ip` varchar(100) DEFAULT NULL COMMENT '上次修改IP',
  `ipaddress` varchar(300) DEFAULT NULL COMMENT 'IP地址',
  `isdefault` tinyint(1) unsigned NOT NULL DEFAULT '0' COMMENT '是否默认 1是 0 否',
  `updatetime` int(11) unsigned NOT NULL DEFAULT '0' COMMENT '更新时间',
  PRIMARY KEY (`id`),
  KEY `IND_UID` (`userid`)
) ENGINE=MyISAM AUTO_INCREMENT=99 DEFAULT CHARSET=utf8;

/*Data for the table `pay_bankcard` */

/*Table structure for table `pay_blockedlog` */

CREATE TABLE `pay_blockedlog` (
  `id` int(11) NOT NULL AUTO_INCREMENT,
  `orderid` varchar(100) NOT NULL COMMENT '订单号',
  `userid` int(11) unsigned NOT NULL DEFAULT '0' COMMENT '商户编号',
  `amount` decimal(10,2) unsigned NOT NULL DEFAULT '0.00' COMMENT '冻结金额',
  `thawtime` int(11) unsigned NOT NULL DEFAULT '0' COMMENT '解冻时间',
  `pid` smallint(6) unsigned NOT NULL DEFAULT '0' COMMENT '商户支付通道',
  `createtime` int(11) unsigned NOT NULL DEFAULT '0' COMMENT '创建时间',
  `status` tinyint(1) unsigned NOT NULL DEFAULT '0' COMMENT '状态 1 解冻 0 冻结',
  PRIMARY KEY (`id`)
) ENGINE=InnoDB DEFAULT CHARSET=utf8 COMMENT='资金冻结待解冻记录';

/*Data for the table `pay_blockedlog` */

/*Table structure for table `pay_browserecord` */

CREATE TABLE `pay_browserecord` (
  `id` int(10) unsigned NOT NULL AUTO_INCREMENT,
  `articleid` int(11) NOT NULL DEFAULT '0',
  `userid` int(11) NOT NULL DEFAULT '0',
  `datetime` datetime NOT NULL,
  PRIMARY KEY (`id`)
) ENGINE=MyISAM AUTO_INCREMENT=32 DEFAULT CHARSET=utf8;

/*Data for the table `pay_browserecord` */

/*Table structure for table `pay_category` */

CREATE TABLE `pay_category` (
  `id` int(11) unsigned NOT NULL AUTO_INCREMENT,
  `name` varchar(50) NOT NULL,
  `pid` smallint(6) unsigned NOT NULL DEFAULT '0' COMMENT '父级ID',
  `status` tinyint(1) unsigned NOT NULL DEFAULT '0' COMMENT '状态 1开启 0关闭',
  PRIMARY KEY (`id`)
) ENGINE=MyISAM AUTO_INCREMENT=6 DEFAULT CHARSET=utf8 COMMENT='文章栏目';

/*Data for the table `pay_category` */

insert  into `pay_category`(`id`,`name`,`pid`,`status`) values (1,'最新资讯',0,1),(2,'公司新闻',0,1),(3,'公告通知',0,1),(4,'站内公告',3,1),(5,'公司新闻',3,1);

/*Table structure for table `pay_channel` */

CREATE TABLE `pay_channel` (
  `id` smallint(6) unsigned NOT NULL AUTO_INCREMENT COMMENT '供应商通道ID',
  `code` varchar(200) DEFAULT NULL COMMENT '供应商通道英文编码',
  `title` varchar(200) DEFAULT NULL COMMENT '供应商通道名称',
  `mch_id` varchar(100) DEFAULT NULL COMMENT '商户号',
  `signkey` varchar(500) DEFAULT NULL COMMENT '签文密钥',
  `appid` varchar(100) DEFAULT NULL COMMENT '应用APPID',
  `appsecret` varchar(100) DEFAULT NULL COMMENT '安全密钥',
  `gateway` varchar(300) DEFAULT NULL COMMENT '网关地址',
  `pagereturn` varchar(255) DEFAULT NULL COMMENT '页面跳转网址',
  `serverreturn` varchar(255) DEFAULT NULL COMMENT '服务器通知网址',
  `defaultrate` decimal(10,3) unsigned NOT NULL DEFAULT '0.000' COMMENT '下家费率',
  `fengding` decimal(10,3) unsigned NOT NULL DEFAULT '0.000' COMMENT '封顶手续费',
  `rate` decimal(10,3) unsigned NOT NULL DEFAULT '0.000' COMMENT '银行费率',
  `updatetime` int(11) unsigned NOT NULL DEFAULT '0' COMMENT '上次更改时间',
  `unlockdomain` varchar(100) NOT NULL COMMENT '防封域名',
  `status` tinyint(1) unsigned NOT NULL DEFAULT '0' COMMENT '状态 1开启 0关闭',
  `paytype` tinyint(1) unsigned NOT NULL DEFAULT '0' COMMENT '渠道类型: 1 微信扫码 2 微信H5 3 支付宝扫码 4 支付宝H5 5网银跳转 6网银直连 7百度钱包 8 QQ钱包 9 京东钱包',
  `p901` int(1) DEFAULT '0' COMMENT '微信H5',
  `p902` int(1) DEFAULT '0' COMMENT '微信扫',
  `p903` int(1) DEFAULT '0' COMMENT '支付宝扫',
  `p904` int(1) DEFAULT '0' COMMENT '支付宝H5',
  `p905` int(1) DEFAULT '0' COMMENT 'QQH5',
  `p907` int(1) DEFAULT '0' COMMENT '网银跳转',
  `p908` int(1) DEFAULT '0' COMMENT 'QQ扫码支付',
  `p909` int(1) DEFAULT '0' COMMENT '百度钱包',
  `p910` int(1) DEFAULT '0' COMMENT '京东钱包',
  PRIMARY KEY (`id`)
) ENGINE=MyISAM AUTO_INCREMENT=285 DEFAULT CHARSET=utf8 COMMENT='供应商列表';

/*Data for the table `pay_channel` */

/*Table structure for table `pay_email` */

CREATE TABLE `pay_email` (
  `id` int(11) unsigned NOT NULL AUTO_INCREMENT,
  `smtp_host` varchar(300) DEFAULT NULL,
  `smtp_port` varchar(300) DEFAULT NULL,
  `smtp_user` varchar(300) DEFAULT NULL,
  `smtp_pass` varchar(300) DEFAULT NULL,
  `smtp_email` varchar(300) DEFAULT NULL,
  `smtp_name` varchar(300) DEFAULT NULL,
  PRIMARY KEY (`id`)
) ENGINE=MyISAM AUTO_INCREMENT=2 DEFAULT CHARSET=utf8;

/*Data for the table `pay_email` */

insert  into `pay_email`(`id`,`smtp_host`,`smtp_port`,`smtp_user`,`smtp_pass`,`smtp_email`,`smtp_name`) values (1,'smtpdm.aliyun.com','465','admin@mail.sf532.com','CNzhang2017','admin@mail.sf532.com','神付宝网络支付系统');

/*Table structure for table `pay_invitecode` */

CREATE TABLE `pay_invitecode` (
  `id` int(10) unsigned NOT NULL AUTO_INCREMENT,
  `invitecode` varchar(32) NOT NULL,
  `fmusernameid` int(11) unsigned NOT NULL DEFAULT '0',
  `syusernameid` int(11) NOT NULL DEFAULT '0',
  `regtype` tinyint(1) unsigned NOT NULL DEFAULT '4' COMMENT '用户组 4 普通用户 5 代理商',
  `fbdatetime` int(11) unsigned NOT NULL DEFAULT '0',
  `yxdatetime` int(11) unsigned NOT NULL DEFAULT '0',
  `sydatetime` int(11) unsigned DEFAULT '0',
  `status` tinyint(1) unsigned NOT NULL DEFAULT '1' COMMENT '邀请码状态 0 禁用 1 未使用 2 已使用',
  PRIMARY KEY (`id`),
  UNIQUE KEY `invitecode` (`invitecode`) USING BTREE
) ENGINE=MyISAM AUTO_INCREMENT=140 DEFAULT CHARSET=utf8;

/*Data for the table `pay_invitecode` */

insert  into `pay_invitecode`(`id`,`invitecode`,`fmusernameid`,`syusernameid`,`regtype`,`fbdatetime`,`yxdatetime`,`sydatetime`,`status`) values (12,'97xThB1Cz4OoV7y9OrdKW7HbmMDdeC',1,17,4,1491146221,1491148800,1491146782,2),(13,'XSR1xQqTuBAOflNTaGVJsShJe9ihpj',1,18,4,1491147225,1491148800,1491147268,2),(5,'Icrt3mdyaiwKtR9sEqqL9a43jU4qHI',1,7,4,1491064074,1491148800,1491069586,2),(6,'f2yOFZJcqjxzVYBITX1WKEVQbYycM5',1,8,4,1491069805,1491148800,1491069829,2),(7,'kqkPFdRhF4mHxbuGKnTrTUBOhh8BUR',1,9,4,1491100066,1491148800,1491100145,2),(14,'8dCbyzAO1GasJ5Ycqtc4apoLIszGVs',1,19,4,1491149144,1491235200,1491149186,2),(61,'9ucguw5j42hmpp9alrw83obs6ew070',1,0,4,1503653302,1503739701,0,1),(60,'6fbm325wa702pywe6d0voou70t5lz4',1,0,4,1503653299,1503739698,0,1),(28,'GJhipszCqCRrFQTH5vQvOB3GZnBBb7',19,20,4,1491235513,1491321600,1491235668,2),(29,'gElczzSWWpznTeXFPdyDbxgPNCvZb8',1,21,4,1491317272,1491321600,1491317286,2),(30,'um7KnpqaAapwrMjjqg4R5qh88zvLjZ',1,22,4,1491319745,1491321600,1491319789,2),(31,'ALP9duzS6BpSJgzRevRPY2iqFSxi4v',1,23,4,1491320343,1491321600,1491320387,2),(32,'k7IuU11htdy9AVSNZZFOzRIlSqUVkz',1,24,4,1491539877,1491580800,1491540040,2),(33,'SYMhPSCV2wLORE6ZrClUigccU6LsTp',24,25,4,1492017189,1492099200,1492017227,2),(58,'y93ctdv8p27pq39788fjt6z78724iv',1,37,4,1503652737,1503739136,1503653097,2),(43,'1swx1xq9b34kickbmwn3lfbowe1hj5',1,26,4,1499962964,1500048000,1499963193,2),(44,'nolpvni01tv174cupsn24lacuosge9',1,27,4,1500630828,1500652800,1500630876,2),(59,'5pzj0lpb9o8nsf557f9ryl83dcgx42',1,0,4,1503653296,1503739695,0,1),(57,'6jym8c5eozmjahiky10jt6upb5l0px',1,38,4,1503652613,1503739012,1503653199,2),(62,'9q2vrirdz3rym272vs8n5dfnv8m0qa',1,39,4,1503716035,1503802434,1503716302,2),(63,'d4tzgycfnpyktlenpbp7xk4tv22tyq',1,2,4,1503828843,1503915242,1503828960,2),(64,'g9iuhqvzhkounk0v6nr3la8qjzscdu',1,3,4,1504266750,1504353143,1504267246,2),(65,'aypzlqqysr3ohe6og53qlpc0rtlepf',1,4,4,1504270703,1504357101,1504270864,2),(66,'wsx8p3bmietvoqr6s0e4hyepugl23z',1,5,4,1504275615,1504362013,1504275636,2),(67,'ly3ydkpsh0rk62rrv12s4rmrenmyix',1,0,4,1504490570,1504576965,0,1),(68,'zp5ma8wd5qitwk7aalbmd5pm417z82',1,7,4,1504500440,1504586831,1504501339,2),(69,'uszuo4b3f234p4gnpzwrnh7dzbl24o',1,6,4,1504500455,1504586851,1504500688,2),(70,'kf2n8iybpx2hai867vdt65wzxu3w47',1,8,4,1504514491,1504600885,1504514606,2),(71,'n3zt9mf4lozbth1l92kpkxdqw9qk7l',1,9,4,1504594495,1504680891,1504595206,2),(72,'5a15s9uopqt6vh78j40zcxvpv5xthq',1,10,4,1504602734,1504689133,1504602792,2),(79,'omjjck810a6711q3y3ucbw293kgrli',1,16,4,1504665747,1504752146,1504667061,2),(74,'x6en16gtkkls5m4c9pkjcot6ydbted',1,15,4,1504605531,1504691930,1504610431,2),(75,'mcao45moh8qiyftz8wygmt1jwa1rvh',1,11,4,1504607944,1504694342,1504608213,2),(76,'wemuvtfsrv7vf94syfk9rxerqyae5h',1,12,4,1504608180,1504694578,1504608934,2),(77,'6yq6o0xl1bncfhcq8lo7vkc8chvwnt',1,13,4,1504609373,1504695772,1504609615,2),(78,'onypf0fpkanpfoqnv5q0z9y9163vht',1,14,4,1504609836,1504696235,1504610091,2),(80,'z9k2y9fe62wlrhgw7tpooyduxb07y0',1,17,4,1504698587,1504784981,1504701298,2),(81,'xgidjnyn8b0fwtxro5z4i4f7cqfqck',1,18,4,1504760864,1504847261,1504761520,2),(82,'d31a68m17f4jmb3qqi59vc6gdfr7bn',1,19,4,1504768498,1504854896,1504768751,2),(83,'wrsyor6igcvm8i7d1ie8oml8a71jds',1,20,5,1504926869,1505013210,1504927196,2),(84,'0a8a0e8o1z1dcr6f27y2h0etbbwb6g',1,21,5,1504933318,1505019714,1504933330,2),(85,'2syk04vkuyr7crfcv8531x4i9sjavn',1,22,5,1504939152,1505025547,1504939225,2),(86,'z5ejhyl64hi28f000idpl1vquowwdf',22,23,4,1504939344,1505025740,1504939390,2),(87,'pbgtelm7chwdvwyt98s6rmu0e2zm4g',1,24,4,1505042779,1505129176,1505042804,2),(88,'lzuwcaij21zbfp8x27lge0hrfo7qza',1,0,4,1505054364,1505140758,0,1),(89,'qjay3yw140t0bigzkq70ohwju34tqg',1,25,4,1505123226,1505209621,1505123363,2),(90,'g1fup5ekeqv23v34fd82ltoem0ydpd',1,26,4,1505202693,1505289092,1505202801,2),(91,'3t0muvkbi4zaeb7z8ub78hm86z9wl2',1,27,4,1505368827,1505455225,1505369223,2),(92,'9n5bc5dtgs0dmuul10hrl5vl888pxk',1,28,4,1505370366,1505456764,1505370689,2),(93,'0l4q3un03j415q931klj6usg15eicp',1,29,5,1505459101,1505545469,1505459111,2),(94,'wm95p85585z66i8iv23x2tl0hh04kp',29,30,4,1505459307,1505545701,1505459331,2),(95,'luhza89ilx5z8xz1hbwi37kanraiyi',1,31,4,1505535476,1505621872,1505535610,2),(96,'eobgsjushhozlj8q6hjczy3rggy9sy',1,32,4,1505537417,1505623815,1505537491,2),(97,'rsf8e20duxsb4v8ec8p8pmf4eneqya',1,33,4,1505540947,1505627345,1505541058,2),(98,'a3nxu4mjz5d6l9j3ecem99jqe064fk',1,34,4,1505543858,1505630257,1505543884,2),(99,'cfun1wqf2wbs7d3asiz0grcbkpn9ls',1,35,4,1505544166,1505630564,1505544194,2),(100,'48i7re2n5907jid9wdfx1f6o3acf0d',1,36,4,1505544258,1505630656,1505544395,2),(101,'9c3ectwwkl6u5u63a25zd5se0fwvyr',1,37,4,1505625040,1505711439,1505625409,2),(102,'til772q1er44us37jisoiwwkpg3fp9',1,38,4,1505722598,1505808997,1505723899,2),(104,'jovah71bhfu2tvapknqgpewca2ktar',1,39,4,1505964846,1506051245,1505964988,2),(105,'8cskpydrjgmm0mian6odd3fl6bf4cj',1,40,4,1506046643,1506133037,1506047595,2),(106,'b3ycd42dib5eaohl8u4qcoi2yk6gtp',1,41,4,1506076028,1506162424,1506076249,2),(107,'uf9zgbdvyneotay7xyt31vzql8c0wc',1,42,4,1506230162,1506316472,1506232404,2),(108,'8wdcqrim13cuyfzvzjs2x9lo7eblud',1,43,4,1506510086,1506596483,1506510698,2),(109,'xv9xhyzfs5ahlrlqh0003vpi3s4etg',1,44,4,1506518541,1506604940,1506518661,2),(110,'a4720m4rgnf1hobskwivg3aseohf41',1,45,4,1506680146,1506766531,1506680170,2),(117,'40g7wus3nbi5qnq83bpaxigiq23m2y',1,48,4,1506754402,1506840800,1506754415,2),(116,'kjalgzi60yrz5rj1k98rdc7dbhx5fi',1,47,4,1506754336,1506840735,1506754375,2),(115,'t44gyo0fe1lzwue0was06q1klipngj',1,46,4,1506752446,1506838844,1506753455,2),(118,'suc1t18crlgath8ppmapl2bcu6un6a',1,49,4,1506761773,1506848172,1506762060,2),(119,'45yqy5naw28k9xo6kjmneyf2yimaog',1,50,4,1506764034,1506850432,1506764225,2),(120,'qlitthcbjt45oplmy9mr2j6m18ujrs',1,51,4,1506764143,1506850540,1506764282,2),(121,'f3y2a28hyxq78dslagto2p23ejdrgv',1,52,4,1506764260,1506850656,1506764364,2),(122,'lf22wysr3nyqudkwds9yuu4t6pdduu',1,53,4,1506765354,1506851752,1506765722,2),(123,'jgsaj4onfoblb60vecuvc2w58at0xc',1,54,4,1506765717,1506852110,1506766089,2),(124,'inqiibkmdjgyb2q86groop31mfdew6',1,56,4,1506766637,1506853035,1506769338,2),(127,'d4lf4murxt8qdl2s834zwlj2pqqbgf',1,57,4,1506770144,1506856543,1506770263,2),(126,'jeq5h5qo6k82rwslzlfuqt1w9k0j72',1,55,4,1506767043,1506853436,1506767254,2),(128,'n52wkbyxf0ew7c2pw1wgjb9fld8sb0',1,58,4,1506842650,1506929049,1506842802,2),(131,'ln53e6d7ih12rzr574ep2a6kvws2yj',1,60,4,1507799779,1507886178,1507799788,2),(130,'u40t7wc2fswwkg2dvf41yo6utlqatn',1,59,4,1507716127,1507802526,1507716188,2),(132,'xeoh4cyszq1lmle7dkmp400j1wsbki',1,61,4,1507895532,1507981919,1507896625,2),(133,'ww9tvtkf7hogumx79ux99vjazdxggu',1,62,4,1507895552,1507981936,1507896785,2),(134,'wf155qfv5sap169m8xxp0h7o3xgns5',1,63,4,1507972010,1508058407,1507972302,2),(135,'kfaxc34klqr16dsff9uw3xkquflse8',1,64,4,1508309371,1508395756,1508309906,2),(136,'gdz85mcszfpf4wp3y4hp6t1hzqa1vj',1,65,4,1512283138,1512369537,1512283172,2),(137,'hwklckophk1undg7edkjvxl0yxy49y',1,66,5,1512395447,1512481842,1512395454,2),(138,'hqx8ow08kqu72mv1dw6h3jbkhyo2u4',66,67,4,1512395545,1512481918,1512395554,2),(139,'9fzjf8mvc45k26mqz5ss3vcvimpo1i',1,68,4,1512406510,1512492902,1512406544,2);

/*Table structure for table `pay_inviteconfig` */

CREATE TABLE `pay_inviteconfig` (
  `id` int(10) unsigned NOT NULL AUTO_INCREMENT,
  `invitezt` tinyint(1) unsigned DEFAULT '1',
  `invitetype2number` int(11) NOT NULL DEFAULT '20',
  `invitetype2ff` smallint(6) NOT NULL DEFAULT '1',
  `invitetype5number` int(11) NOT NULL DEFAULT '20',
  `invitetype5ff` smallint(6) NOT NULL DEFAULT '1',
  `invitetype6number` int(11) NOT NULL DEFAULT '20',
  `invitetype6ff` smallint(6) NOT NULL DEFAULT '1',
  PRIMARY KEY (`id`)
) ENGINE=MyISAM AUTO_INCREMENT=2 DEFAULT CHARSET=utf8;

/*Data for the table `pay_inviteconfig` */

insert  into `pay_inviteconfig`(`id`,`invitezt`,`invitetype2number`,`invitetype2ff`,`invitetype5number`,`invitetype5ff`,`invitetype6number`,`invitetype6ff`) values (1,1,0,0,100,0,0,0);

/*Table structure for table `pay_loginrecord` */

CREATE TABLE `pay_loginrecord` (
  `id` int(10) unsigned NOT NULL AUTO_INCREMENT,
  `userid` int(11) unsigned NOT NULL DEFAULT '0',
  `logindatetime` timestamp NOT NULL DEFAULT CURRENT_TIMESTAMP ON UPDATE CURRENT_TIMESTAMP,
  `loginip` varchar(100) NOT NULL,
  `loginaddress` varchar(300) DEFAULT NULL,
  PRIMARY KEY (`id`)
) ENGINE=MyISAM AUTO_INCREMENT=2312 DEFAULT CHARSET=utf8;

/*Data for the table `pay_loginrecord` */

insert  into `pay_loginrecord`(`id`,`userid`,`logindatetime`,`loginip`,`loginaddress`) values (2285,1,'2017-12-04 21:32:34','175.43.95.160','福建省泉州市-联通'),(2286,1,'2017-12-04 21:35:34','27.100.16.164','香港-特别行政区'),(2287,2,'2017-12-04 21:37:46','27.100.16.164','香港-特别行政区'),(2288,2,'2017-12-04 21:40:34','27.100.16.164','香港-特别行政区'),(2289,1,'2017-12-04 21:42:27','175.43.95.160','福建省泉州市-联通'),(2290,66,'2017-12-04 21:51:03','27.100.16.164','香港-特别行政区'),(2291,67,'2017-12-04 21:52:45','27.100.16.164','香港-特别行政区'),(2292,1,'2017-12-04 23:17:55','27.100.16.164','香港-特别行政区'),(2293,1,'2017-12-04 23:18:27','128.90.70.98','美国-宾夕法尼亚州匹兹堡市'),(2294,66,'2017-12-04 23:20:13','128.90.70.98','美国-宾夕法尼亚州匹兹堡市'),(2295,67,'2017-12-05 00:52:11','27.100.16.164','香港-特别行政区'),(2296,68,'2017-12-05 00:56:01','27.100.16.164','香港-特别行政区'),(2297,67,'2017-12-05 15:18:09','221.192.179.37','河北省石家庄市-联通ADSL'),(2298,67,'2017-12-05 15:30:23','128.90.7.11','美国-宾夕法尼亚州匹兹堡市'),(2299,67,'2017-12-05 15:31:49','128.90.7.11','美国-宾夕法尼亚州匹兹堡市'),(2300,67,'2017-12-05 15:41:36','221.192.179.37','河北省石家庄市-联通ADSL'),(2301,1,'2017-12-05 16:36:52','175.43.95.160','福建省泉州市-联通'),(2302,67,'2017-12-05 17:53:14','221.192.179.37','河北省石家庄市-联通ADSL'),(2303,1,'2017-12-06 13:18:41','128.90.7.11','美国-宾夕法尼亚州匹兹堡市'),(2304,1,'2024-10-24 08:22:36','127.0.0.1','本机地址-'),(2305,2,'2024-10-24 10:25:06','127.0.0.1','本机地址-'),(2306,1,'2024-10-27 13:40:39','127.0.0.1','本机地址-'),(2307,1,'2024-10-27 13:44:39','127.0.0.1','本机地址-'),(2308,1,'2024-11-09 13:33:00','127.0.0.1','本机地址-'),(2309,1,'2024-11-09 21:49:06','127.0.0.1','本机地址-'),(2310,2,'2024-11-10 03:44:46','127.0.0.1','本机地址-'),(2311,1,'2024-11-10 10:43:48','127.0.0.1','本机地址-');

/*Table structure for table `pay_member` */

CREATE TABLE `pay_member` (
  `id` int(11) unsigned NOT NULL AUTO_INCREMENT,
  `username` varchar(50) NOT NULL COMMENT '用户名',
  `password` varchar(32) NOT NULL COMMENT '密码',
  `groupid` tinyint(1) unsigned NOT NULL DEFAULT '0' COMMENT '用户组',
  `salt` varchar(10) NOT NULL COMMENT '密码随机字符',
  `parentid` int(11) unsigned NOT NULL DEFAULT '0' COMMENT '代理ID',
  `balance` decimal(10,2) unsigned NOT NULL DEFAULT '0.00' COMMENT '可用余额',
  `blockedbalance` decimal(10,2) unsigned NOT NULL DEFAULT '0.00' COMMENT '冻结可用余额',
  `email` varchar(100) NOT NULL,
  `activate` varchar(200) NOT NULL,
  `regdatetime` int(11) unsigned NOT NULL DEFAULT '0',
  `activatedatetime` int(11) unsigned NOT NULL DEFAULT '0',
  `realname` varchar(50) DEFAULT NULL COMMENT '姓名',
  `sex` tinyint(1) NOT NULL DEFAULT '1' COMMENT '性别',
  `birthday` int(11) unsigned NOT NULL DEFAULT '0',
  `sfznumber` varchar(20) DEFAULT NULL,
  `mobile` varchar(15) DEFAULT NULL COMMENT '联系电话',
  `qq` varchar(15) DEFAULT NULL COMMENT 'QQ',
  `address` varchar(200) DEFAULT NULL COMMENT '联系地址',
  `paypassword` varchar(32) DEFAULT NULL COMMENT '支付密码',
  `authorized` tinyint(1) unsigned NOT NULL DEFAULT '0' COMMENT '1 已认证 0 未认证 2 待审核',
  `apidomain` varchar(500) DEFAULT NULL COMMENT '授权访问域名',
  `apikey` varchar(32) NOT NULL COMMENT 'APIKEY',
  `status` tinyint(1) unsigned NOT NULL DEFAULT '0' COMMENT '状态 1激活 0未激活',
  `ismobile` int(1) DEFAULT NULL COMMENT '0没有1绑定',
  PRIMARY KEY (`id`)
) ENGINE=InnoDB AUTO_INCREMENT=69 DEFAULT CHARSET=utf8;

/*Data for the table `pay_member` */

insert  into `pay_member`(`id`,`username`,`password`,`groupid`,`salt`,`parentid`,`balance`,`blockedbalance`,`email`,`activate`,`regdatetime`,`activatedatetime`,`realname`,`sex`,`birthday`,`sfznumber`,`mobile`,`qq`,`address`,`paypassword`,`authorized`,`apidomain`,`apikey`,`status`,`ismobile`) values (1,'adminroot','f211f335752784f0cec03607df93e439',1,'',0,'0.00','0.00','','',0,0,'',1,0,'','','','','',0,'','',0,NULL),(2,'demouser','ab76329916e5a41e946925828a4b2284',5,'6450',1,'11606.25','0.00','ddd@163.com','8f9a2804950df5c2ff9ba1f8a9b64937',1503828960,2017,'曹军',1,1282838400,'500000000','15200','','中国','dc483e80a7a0bd9ef71d8cf973673924',1,NULL,'t4ig5acnpx4fet4zapshjacjd9o4bhbi',1,NULL),(66,'daili','122d3dfd634a5de1cfa82793ef4d3c92',5,'4387',1,'0.00','0.00','','7a320651929831b7946ecec5338d7e38',1512395454,0,NULL,1,0,NULL,'',NULL,NULL,'e10adc3949ba59abbe56e057f20f883e',1,NULL,'ha317satkkcvcxrytk3wg21hln9xuia2',1,NULL),(67,'user1','4224ba8e5f2b84eb22c0503153225ea7',4,'3032',66,'0.00','0.00','','c68c3eed99b02d03db3f448b74c98416',1512395554,0,NULL,1,0,NULL,'',NULL,NULL,'e10adc3949ba59abbe56e057f20f883e',1,NULL,'g5t0p6rpm18tyyklv01dt61hnbsoqjj3',1,NULL),(68,'user2','532439b600d97a54618081f5393ef31a',4,'2984',1,'0.00','0.00','','3a61babcdec14de54f399eebd327c187',1512406544,0,NULL,1,0,NULL,'',NULL,NULL,'e10adc3949ba59abbe56e057f20f883e',0,NULL,'f1j5vw39l7ycncmlqbtp95d6brm4xkll',1,NULL);

/*Table structure for table `pay_moneychange` */

CREATE TABLE `pay_moneychange` (
  `id` int(10) unsigned NOT NULL AUTO_INCREMENT,
  `userid` int(11) unsigned NOT NULL DEFAULT '0' COMMENT '商户编号',
  `ymoney` decimal(10,2) unsigned NOT NULL DEFAULT '0.00' COMMENT '原金额',
  `money` decimal(15,3) NOT NULL DEFAULT '0.000' COMMENT '变动金额',
  `gmoney` decimal(10,2) unsigned NOT NULL DEFAULT '0.00' COMMENT '变动后金额',
  `datetime` datetime DEFAULT NULL COMMENT '修改时间',
  `transid` varchar(50) DEFAULT NULL COMMENT '交易流水号',
  `tongdao` smallint(6) unsigned DEFAULT '0' COMMENT '支付通道ID',
  `lx` tinyint(3) unsigned NOT NULL DEFAULT '1' COMMENT '类型',
  `tcuserid` int(11) DEFAULT NULL,
  `tcdengji` int(11) DEFAULT NULL,
  `orderid` varchar(50) DEFAULT NULL COMMENT '订单号',
  `contentstr` varchar(255) DEFAULT NULL COMMENT '备注',
  PRIMARY KEY (`id`)
) ENGINE=MyISAM AUTO_INCREMENT=32489 DEFAULT CHARSET=utf8;

/*Data for the table `pay_moneychange` */

/*Table structure for table `pay_order` */

CREATE TABLE `pay_order` (
  `id` int(10) unsigned NOT NULL AUTO_INCREMENT,
  `pay_memberid` varchar(100) NOT NULL COMMENT '商户编号',
  `pay_orderid` varchar(100) NOT NULL COMMENT '系统订单号',
  `pay_amount` decimal(10,2) unsigned NOT NULL DEFAULT '0.00',
  `pay_poundage` decimal(10,2) unsigned NOT NULL DEFAULT '0.00',
  `pay_actualamount` decimal(10,2) unsigned NOT NULL DEFAULT '0.00',
  `pay_applydate` int(11) unsigned NOT NULL DEFAULT '0' COMMENT '订单创建日期',
  `pay_successdate` int(11) unsigned NOT NULL DEFAULT '0' COMMENT '订单支付成功时间',
  `pay_bankcode` varchar(100) DEFAULT NULL COMMENT '银行编码',
  `pay_notifyurl` varchar(500) NOT NULL COMMENT '商家异步通知地址',
  `pay_callbackurl` varchar(500) NOT NULL COMMENT '商家页面通知地址',
  `pay_bankname` varchar(300) DEFAULT NULL,
  `pay_status` tinyint(1) unsigned NOT NULL DEFAULT '0' COMMENT '订单状态: 0 未支付 1 已支付未返回 2 已支付已返回',
  `pay_productname` varchar(300) DEFAULT NULL COMMENT '商品名称',
  `pay_productnum` varchar(300) DEFAULT NULL COMMENT '商品数量',
  `pay_productdesc` varchar(1000) DEFAULT NULL COMMENT '商品描述',
  `pay_producturl` varchar(500) DEFAULT NULL,
  `pay_tongdao` varchar(50) DEFAULT NULL,
  `pay_zh_tongdao` varchar(50) DEFAULT NULL,
  `pay_tjurl` varchar(1000) DEFAULT NULL,
  `out_trade_id` varchar(50) NOT NULL COMMENT '商户订单号',
  `num` tinyint(1) unsigned NOT NULL DEFAULT '0' COMMENT '已补发次数',
  `memberid` varchar(100) DEFAULT NULL COMMENT '支付渠道商家号',
  `key` varchar(500) DEFAULT NULL COMMENT '支付渠道密钥',
  `account` varchar(100) DEFAULT NULL COMMENT '渠道账号',
  `isdel` tinyint(1) unsigned NOT NULL DEFAULT '0' COMMENT '伪删除订单 1 删除 0 未删',
  `ddlx` int(11) DEFAULT '0',
  `pay_ytongdao` varchar(50) DEFAULT NULL,
  `pay_yzh_tongdao` varchar(50) DEFAULT NULL,
  `xx` smallint(6) unsigned NOT NULL DEFAULT '0',
  `attach` text CHARACTER SET utf8mb4 COMMENT '商家附加字段,原样返回',
  PRIMARY KEY (`id`),
  UNIQUE KEY `IND_ORD` (`pay_orderid`)
) ENGINE=MyISAM AUTO_INCREMENT=123298 DEFAULT CHARSET=utf8;

/*Data for the table `pay_order` */

insert  into `pay_order`(`id`,`pay_memberid`,`pay_orderid`,`pay_amount`,`pay_poundage`,`pay_actualamount`,`pay_applydate`,`pay_successdate`,`pay_bankcode`,`pay_notifyurl`,`pay_callbackurl`,`pay_bankname`,`pay_status`,`pay_productname`,`pay_productnum`,`pay_productdesc`,`pay_producturl`,`pay_tongdao`,`pay_zh_tongdao`,`pay_tjurl`,`out_trade_id`,`num`,`memberid`,`key`,`account`,`isdel`,`ddlx`,`pay_ytongdao`,`pay_yzh_tongdao`,`xx`,`attach`) values (123294,'10002','20241110004148991005','1.00','0.01','1.00',1731170508,0,'901','http://zf.htaipay.com/demo/server.php','http://zf.htaipay.com/demo/page.php','微信H5',0,'','','','',NULL,NULL,'http://127.0.0.189/demo/','w20241109163313531582',0,NULL,NULL,NULL,0,0,'Usdt','钱通支付',0,'1234|456'),(123295,'10002','20241110004257499810','1.00','0.01','1.00',1731170577,0,'901','http://zf.htaipay.com/demo/server.php','http://zf.htaipay.com/demo/page.php','微信H5',0,'','','','',NULL,NULL,'http://127.0.0.189/demo/','w20241109163313531582',0,NULL,NULL,NULL,0,0,'Usdt','钱通支付',0,'1234|456'),(123296,'10002','20241110004621100985','10.20','0.05','10.15',1731170781,0,'901','http://zf.htaipay.com/demo/server.php','http://zf.htaipay.com/demo/page.php','微信H5',0,'','','','',NULL,NULL,'http://127.0.0.189/demo/','w20241109164618707901',0,NULL,NULL,NULL,0,0,'Qtbank','钱通支付',0,'1234|456'),(123297,'10002','20241110011107985797','10.20','0.05','10.15',1731172267,0,'901','http://zf.htaipay.com/demo/server.php','http://zf.htaipay.com/demo/page.php','USDT',0,'','','','',NULL,NULL,'http://127.0.0.189/demo/','w20241109164618707901',0,NULL,NULL,NULL,0,0,'Qtbank','钱通支付',0,'1234|456');

/*Table structure for table `pay_paylog` */

CREATE TABLE `pay_paylog` (
  `id` int(11) unsigned NOT NULL AUTO_INCREMENT,
  `out_trade_no` varchar(50) NOT NULL,
  `result_code` varchar(50) NOT NULL,
  `transaction_id` varchar(50) NOT NULL,
  `fromuser` varchar(50) NOT NULL,
  `time_end` int(11) unsigned NOT NULL DEFAULT '0',
  `total_fee` smallint(6) unsigned NOT NULL DEFAULT '0',
  `payname` varchar(50) NOT NULL,
  `bank_type` varchar(20) DEFAULT NULL,
  `trade_type` varchar(50) DEFAULT NULL,
  PRIMARY KEY (`id`),
  UNIQUE KEY `IND_TRD` (`transaction_id`),
  UNIQUE KEY `IND_ORD` (`out_trade_no`)
) ENGINE=InnoDB DEFAULT CHARSET=utf8;

/*Data for the table `pay_paylog` */

/*Table structure for table `pay_product` */

CREATE TABLE `pay_product` (
  `id` int(11) unsigned NOT NULL AUTO_INCREMENT,
  `name` varchar(100) NOT NULL COMMENT '通道名称',
  `code` varchar(50) NOT NULL COMMENT '通道代码',
  `polling` tinyint(1) unsigned NOT NULL DEFAULT '0' COMMENT '接口模式 0 单独 1 轮询',
  `paytype` tinyint(1) unsigned NOT NULL DEFAULT '0' COMMENT '支付类型 1 微信扫码 2 微信H5 3 支付宝扫码 4 支付宝H5 5 网银跳转 6网银直连  7 百度钱包  8 QQ钱包 9 京东钱包',
  `status` tinyint(1) unsigned NOT NULL DEFAULT '0' COMMENT '状态',
  `isdisplay` tinyint(1) unsigned NOT NULL DEFAULT '0' COMMENT '用户端显示 1 显示 0 不显示',
  `channel` smallint(6) unsigned NOT NULL DEFAULT '0' COMMENT '通道ID',
  `weight` text COMMENT '平台默认通道权重',
  PRIMARY KEY (`id`)
) ENGINE=MyISAM AUTO_INCREMENT=914 DEFAULT CHARSET=utf8;

/*Data for the table `pay_product` */

insert  into `pay_product`(`id`,`name`,`code`,`polling`,`paytype`,`status`,`isdisplay`,`channel`,`weight`) values (901,'USDT','USDT',0,1,1,1,0,''),(902,'TRX','TRX',0,2,1,1,0,''),(903,'支付宝扫码','ALISCAN',1,3,0,0,0,'208:7|211:4|214:5'),(904,'支付宝手机','ALIWAP',0,4,0,0,202,''),(905,'QQ手机支付','QQWAP',1,2,0,0,0,'200:7'),(907,'网银支付','DBANK',0,5,0,0,205,''),(908,'QQ扫码支付','QSCAN',1,8,0,0,0,'209:5|212:7|215:8'),(909,'百度钱包','BAIDU',1,7,0,0,0,''),(910,'京东支付','JDPAY',0,9,0,0,0,'');

/*Table structure for table `pay_product_user` */

CREATE TABLE `pay_product_user` (
  `id` int(11) unsigned NOT NULL AUTO_INCREMENT COMMENT ' ',
  `userid` int(11) unsigned NOT NULL DEFAULT '0' COMMENT '商户编号',
  `pid` smallint(6) unsigned NOT NULL DEFAULT '0' COMMENT '商户通道ID',
  `polling` tinyint(1) unsigned NOT NULL DEFAULT '0' COMMENT '接口模式：0 单独 1 轮询',
  `status` tinyint(1) unsigned NOT NULL DEFAULT '0' COMMENT '通道状态 0 关闭 1 启用',
  `channel` smallint(6) unsigned NOT NULL DEFAULT '0' COMMENT '指定单独通道ID',
  `weight` varchar(255) DEFAULT NULL COMMENT '通道权重',
  PRIMARY KEY (`id`)
) ENGINE=MyISAM AUTO_INCREMENT=221 DEFAULT CHARSET=utf8;

/*Data for the table `pay_product_user` */

insert  into `pay_product_user`(`id`,`userid`,`pid`,`polling`,`status`,`channel`,`weight`) values (14,2,907,0,0,0,''),(15,2,901,0,1,0,''),(16,2,902,0,1,284,''),(17,2,903,0,0,0,''),(18,2,904,0,1,0,''),(19,2,905,0,0,0,''),(20,2,911,0,0,0,''),(21,2,908,0,0,0,''),(22,5,902,0,1,0,'207:1|216:2|220:3|223:4|238:5|242:6|245:7|248:8|251:9|260:9|263:9|266:9|269:8|272:9'),(23,5,903,1,1,0,'208:1|217:2|221:3|230:4|239:5|243:8|246:9|249:9|252:8|261:9|264:9|267:9|270:9|273:8'),(24,5,908,0,1,0,'209:1|218:8|222:8|231:7|240:9|244:2|247:3|250:4|253:6|262:7|265:8|268:9|271:9|274:9'),(25,6,902,1,1,278,'207:1|238:9|260:4|278:9|281:9'),(26,6,903,1,1,279,'208:7|261:6|279:4|282:6'),(27,6,908,1,1,240,'209:5|240:4|262:6|283:5'),(29,9,902,1,1,0,'207:1|238:5|260:9|278:9|281:9'),(30,9,903,1,1,0,'208:1|261:5|279:9|282:9'),(31,9,908,1,1,0,'209:1|240:8|262:7|283:9'),(32,11,902,1,1,0,'207:1|238:9|260:9|278:8|281:9'),(33,11,903,1,1,282,'208:1|261:8|279:9|282:9'),(34,11,908,1,1,280,'209:8|240:8|262:9|280:8|283:9'),(97,12,907,0,1,241,''),(35,12,902,1,1,281,'207:7|238:9|260:6|278:9|281:9'),(36,12,903,1,1,282,'208:6|261:6|279:9|282:9'),(37,12,908,1,1,280,'209:5|240:6|262:5|280:9|283:9'),(38,7,902,1,1,0,'207:1|238:9|260:2|278:9|281:8'),(39,7,903,1,1,0,'208:9|261:3|279:9|282:7'),(40,7,908,1,1,0,'209:1|240:8|262:7|283:6'),(41,13,902,1,1,0,'207:1|238:5|260:5|278:9|281:6'),(42,13,903,1,1,0,'208:1|261:4|279:9|282:6'),(43,13,908,1,1,0,'209:1|240:6|262:7|280:9|283:5'),(44,14,902,1,1,0,'207:1|238:5|260:9|278:9|281:7'),(45,14,903,1,1,0,'208:1|261:9|279:9|282:7'),(46,14,908,1,1,0,'209:1|240:8|262:7|280:9|283:7'),(47,15,902,1,1,0,'207:1|238:5|260:8|278:9|281:9'),(48,15,903,1,1,0,'208:1|261:8|279:9|282:9'),(49,15,908,1,1,0,'209:1|240:6|262:7|283:9'),(50,16,902,1,1,0,'207:1|238:5|260:7|278:6|281:8'),(51,16,903,1,1,0,'208:1|261:9|279:7|282:8'),(52,16,908,1,1,0,'209:1|240:9|262:7|280:7|283:6'),(53,17,902,1,1,0,'207:1|238:5|260:6|278:9|281:7'),(54,17,903,1,1,0,'208:1|261:5|279:9|282:7'),(55,17,908,1,1,0,'209:1|240:7|262:7|280:9|283:6'),(56,18,902,1,1,0,'207:5|238:7|260:4|278:8|281:7'),(57,18,903,1,1,0,'208:8|261:9|279:9|282:7'),(58,18,908,1,1,280,'209:1|240:7|262:5|280:3|283:6'),(59,19,902,1,1,0,'207:1|238:5|260:9|278:9|281:8'),(60,19,903,1,1,0,'208:1|261:7|279:9|282:9'),(61,19,908,1,1,0,'209:1|240:8|262:7|280:9|283:9'),(73,27,908,1,1,0,'209:1|240:7|262:7|280:9|283:9'),(72,27,903,1,1,0,'208:1|261:4|279:9|282:9'),(65,25,902,1,1,0,'207:1|216:2|220:3|223:4|238:9|242:6|245:7|248:8|260:6|266:6|269:5|272:4|278:8|281:9'),(98,19,907,0,1,241,''),(216,64,908,1,1,0,'209:1|240:5|262:7|280:7|283:4'),(62,24,902,1,1,0,'207:1|238:9|260:4|278:9|281:7'),(63,24,903,1,1,0,'208:1|261:3|279:9|282:6'),(64,24,908,1,1,0,'209:9|240:7|262:6|280:8|283:8'),(66,25,903,1,1,0,'208:1|217:2|221:3|230:4|243:6|246:6|249:5|261:5|267:4|270:5|273:6|279:9|282:9'),(67,25,908,1,1,280,'209:1|218:2|222:3|231:4|244:5|247:6|280:9|283:9'),(68,26,902,1,1,0,'207:1|238:5|260:3|278:9|281:4'),(69,26,903,1,1,0,'208:1|261:5|279:9|282:5'),(70,26,908,1,1,0,'209:1|240:7|262:7|277:2|283:3'),(71,27,902,1,1,0,'207:1|238:5|260:6|278:9|281:9'),(74,28,902,1,1,0,'207:1|238:5|260:5|278:9|281:6'),(75,28,903,1,1,0,'208:1|261:7|279:9|282:7'),(76,28,908,1,1,0,'209:1|240:8|262:7|280:9|283:7'),(83,32,902,1,1,0,'207:1|238:5|260:2|278:9|281:3'),(114,40,903,1,1,0,'208:1|261:7|279:9|282:8'),(77,30,902,0,1,216,'207:1|216:2|220:3|223:4|238:5|242:6|245:7|248:8|251:9|260:9|263:9|266:9|269:8|272:9'),(78,30,903,1,1,0,'208:1|217:2|221:3|230:4|239:5|243:8|246:9|249:9|252:8|261:9|264:9|267:9|270:9|273:8'),(79,30,908,0,1,218,'209:1|218:8|222:8|231:7|240:9|244:2|247:3|250:4|253:6|262:7|265:8|268:9|271:9|274:9'),(80,31,902,1,1,0,'207:5|238:7|260:7|278:9|281:9'),(81,31,903,1,1,279,'208:2|261:9|279:8|282:9'),(82,31,908,1,1,0,'209:1|240:8|262:7|280:9|283:9'),(84,32,903,1,1,0,'208:1|261:8|279:9|282:3'),(85,32,908,1,1,0,'209:1|240:7|262:7|283:5'),(86,37,902,1,1,0,'207:1|238:5|260:5|278:9|281:8'),(87,37,903,1,1,0,'208:1|261:8|279:9|282:7'),(88,37,907,0,1,241,''),(89,37,908,1,1,0,'209:1|240:7|262:7|280:9|283:6'),(90,26,907,0,1,241,''),(91,11,907,0,1,241,''),(92,38,902,1,1,238,'207:1|216:2|220:3|223:4|238:9|242:6|245:7|248:6|260:7|266:5|269:8|272:6|278:9|281:9'),(93,38,903,1,1,0,'208:1|217:2|221:3|230:4|243:8|246:5|249:7|261:6|267:5|270:6|273:5|279:9|282:9'),(94,38,907,0,0,0,''),(95,38,908,1,1,0,'209:1|218:8|222:8|231:7|244:2|247:3|250:4|262:7|268:7|271:6|280:9|283:9'),(96,25,907,0,1,241,''),(99,31,907,0,1,241,''),(100,28,907,0,0,0,''),(101,27,907,0,1,241,''),(102,24,907,0,1,241,''),(103,18,907,0,0,0,''),(104,17,907,0,0,0,''),(105,15,907,0,1,241,''),(106,6,907,0,1,0,''),(107,7,907,0,1,241,''),(113,40,902,1,1,238,'207:1|238:5|260:4|278:9|281:9'),(108,9,907,0,1,241,''),(109,39,902,1,1,238,'207:1|238:5|260:6|278:8|281:7'),(121,42,902,1,1,0,'207:1|238:5|260:6|278:9|281:9'),(110,39,903,1,1,0,'208:1|261:9|279:9|282:6'),(111,39,907,0,0,0,''),(112,39,908,1,1,0,'209:8|240:6|262:7|280:9|283:7'),(115,40,907,0,1,241,''),(116,40,908,1,1,0,'209:1|240:7|262:7|280:9|283:8'),(117,41,902,1,0,0,'207:1|216:2|220:3|223:4|238:5|242:6|245:7|248:8|260:9|266:9|269:8|272:9'),(118,41,903,1,0,0,'208:1|217:2|221:3|230:4|243:8|246:9|249:9|261:9|267:9|270:9|273:8'),(119,41,907,0,0,241,'241:'),(120,41,908,1,0,0,'209:1|218:8|222:8|231:7|240:9|244:2|247:3|250:4|262:7|268:9|271:9|274:9'),(122,42,903,1,1,0,'208:1|261:5|279:9|282:9'),(123,42,907,0,1,241,''),(124,42,908,1,1,0,'209:1|240:8|262:7|280:9|283:9'),(125,13,907,0,1,241,''),(215,64,907,0,1,241,''),(213,64,902,1,1,0,'207:5|238:8|260:8|278:7|281:7'),(126,14,907,0,0,0,''),(127,16,907,0,1,241,''),(201,61,902,1,1,0,'207:9|238:9|260:5|278:9|281:9'),(128,43,902,0,0,0,'207:1|216:2|220:3|223:4|238:5|242:6|245:7|248:8|251:9|260:9|263:9|266:9|269:8|272:9'),(129,43,903,0,0,0,'208:1|217:2|221:3|230:4|239:5|243:8|246:9|249:9|252:8|261:9|264:9|267:9|270:9|273:8'),(130,43,907,0,1,241,''),(131,43,908,0,0,0,'209:1|218:8|222:8|231:7|240:9|244:2|247:3|250:4|253:6|262:7|265:8|268:9|271:9|274:9'),(192,59,902,1,1,0,'207:1|238:9|260:5|278:8|281:9'),(132,44,902,1,1,238,'207:1|238:9|260:4|278:8|281:7'),(133,44,903,1,1,0,'208:1|261:8|279:8|282:5'),(134,44,907,0,1,241,''),(135,44,908,1,1,0,'209:1|240:7|262:7|283:6'),(136,45,902,1,1,0,'207:1|238:9|260:7|278:8|281:9'),(137,45,903,1,1,0,'208:1|261:8|279:8|282:9'),(138,45,907,0,0,0,''),(139,45,908,1,1,0,'209:1|240:8|262:7|283:9'),(214,64,903,1,1,0,'208:5|261:8|279:7|282:7'),(202,61,903,1,1,0,'208:1|261:3|279:9|282:9'),(200,32,907,0,1,241,''),(193,59,903,1,1,0,'208:1|261:8|279:8|282:9'),(140,46,902,1,1,0,'207:1|238:9|260:5|278:8|281:9'),(141,46,903,1,1,0,'208:1|261:8|279:8|282:9'),(142,46,907,0,1,241,''),(143,46,908,1,1,0,'209:1|240:8|262:7|283:9'),(144,48,902,1,1,0,'207:1|238:5|260:3|278:8|281:9'),(198,60,907,0,1,241,''),(145,48,903,1,1,0,'208:1|261:8|279:8|282:9'),(146,48,907,0,1,241,''),(147,48,908,1,1,0,'209:1|240:8|262:7|283:8'),(148,47,902,1,1,0,'207:1|238:5|260:2|278:8|281:9'),(149,47,903,1,1,0,'208:1|261:8|279:9|282:9'),(150,47,907,0,1,241,''),(151,47,908,1,1,0,'209:7|240:8|262:7|280:8|283:9'),(152,49,902,1,1,0,'207:1|238:9|260:4|278:8|281:9'),(197,60,903,1,1,217,'208:9|217:8|221:7|230:6|243:5|246:4|249:5|261:4|267:5|270:4|273:5|279:9'),(153,49,903,1,1,0,'208:1|261:8|279:8|282:9'),(154,49,907,0,1,241,''),(155,49,908,1,1,0,'209:1|240:8|262:7|280:8|283:9'),(156,51,902,1,1,0,'207:1|238:9|260:6|278:8|281:9'),(196,60,902,1,1,216,'207:1|216:2|220:3|223:4|238:8|242:7|245:6|248:4|260:5|266:6|269:5|272:5|278:9'),(157,51,903,1,1,0,'208:1|261:8|279:8|282:9'),(158,51,907,0,1,241,''),(159,51,908,1,1,0,'209:1|240:8|262:7|283:9'),(160,50,902,1,1,0,'207:1|238:9|260:7|278:8|281:9'),(161,50,903,1,1,0,'208:1|261:8|279:8|282:9'),(162,50,907,0,1,241,''),(163,50,908,1,1,0,'209:1|240:9|262:7|283:9'),(164,52,902,1,1,0,'207:1|238:9|260:6|278:8|281:8'),(165,52,903,1,1,279,'208:1|261:7|279:8|282:6'),(191,58,908,1,1,0,'209:1|240:9|262:7|283:7'),(166,52,907,0,1,241,''),(167,52,908,1,1,0,'209:1|240:8|262:7|277:6|283:8'),(168,53,902,1,1,238,'207:1|238:9|260:3|278:8|281:9'),(169,53,903,1,1,0,'208:1|261:8|279:8|282:9'),(190,58,907,0,1,241,''),(170,53,907,0,1,0,''),(171,53,908,1,1,0,'209:1|240:8|262:7|277:7|283:9'),(172,54,902,1,1,0,'207:1|238:9|260:6|278:8|281:9'),(195,59,908,1,1,0,'209:1|240:9|262:7|277:7|283:9'),(173,54,903,1,1,0,'208:1|261:6|279:8|282:9'),(174,54,907,0,1,241,''),(175,54,908,1,1,0,'209:1|240:8|262:7|283:9'),(176,55,902,1,1,0,'207:1|238:9|260:6|278:8|281:9'),(194,59,907,0,1,241,''),(177,55,903,1,1,0,'208:1|261:8|279:8|282:9'),(189,58,903,1,1,0,'208:1|261:8|279:8|282:5'),(178,55,907,0,1,241,''),(179,55,908,1,1,0,'209:1|240:8|262:7|283:9'),(180,56,902,1,1,0,'207:1|238:9|260:5|278:8|281:9'),(181,56,903,1,1,0,'208:1|261:8|279:8|282:9'),(182,56,907,0,1,0,''),(183,56,908,1,1,0,'209:1|240:8|262:7|277:7|283:9'),(184,57,902,1,1,0,'207:1|238:9|260:5|278:8|281:9'),(185,57,903,1,1,0,'208:1|261:8|279:8|282:9'),(188,58,902,1,1,238,'207:1|238:9|260:5|278:9|281:5'),(186,57,907,0,1,241,''),(187,57,908,1,1,0,'209:1|240:8|262:7|283:9'),(199,60,908,1,1,218,'209:4|218:5|222:4|231:3|244:3|247:6|250:7|262:6|268:6|271:5|280:9'),(203,61,907,0,1,241,''),(204,61,908,1,1,0,'209:9|240:8|262:5|280:6|283:9'),(205,62,902,1,1,0,'207:8|238:9|260:3|278:9|281:5'),(206,62,903,1,1,0,'208:6|261:6|279:9|282:5'),(207,62,907,0,1,241,''),(208,62,908,1,1,0,'209:8|240:6|262:8|280:9|283:5'),(209,63,902,1,1,0,'207:3|238:9|260:8|278:9|281:7'),(210,63,903,1,1,0,'208:4|261:6|279:9|282:8'),(211,63,907,0,1,241,''),(212,63,908,1,1,0,'209:1|240:9|262:7|280:9|283:7'),(217,67,902,0,1,0,''),(218,67,903,0,1,0,''),(219,67,907,0,1,0,''),(220,67,908,0,1,0,'');

/*Table structure for table `pay_route` */

CREATE TABLE `pay_route` (
  `id` int(10) unsigned NOT NULL AUTO_INCREMENT,
  `userid` int(11) NOT NULL,
  `urlstr` varchar(100) DEFAULT NULL,
  PRIMARY KEY (`id`)
) ENGINE=MyISAM DEFAULT CHARSET=utf8;

/*Data for the table `pay_route` */

/*Table structure for table `pay_shortmessage` */

CREATE TABLE `pay_shortmessage` (
  `id` int(10) NOT NULL AUTO_INCREMENT,
  `mobile` varchar(11) DEFAULT NULL COMMENT '手机号码',
  `message` char(6) DEFAULT NULL COMMENT '信息',
  `add_time` int(10) DEFAULT NULL COMMENT '添加时间',
  PRIMARY KEY (`id`)
) ENGINE=MyISAM AUTO_INCREMENT=6 DEFAULT CHARSET=utf8;

/*Data for the table `pay_shortmessage` */

insert  into `pay_shortmessage`(`id`,`mobile`,`message`,`add_time`) values (2,'13078291868','6802',1507897443),(3,'13078291868','6217',1507898131),(4,'13710752008','8098',1507975422),(5,'13710752008','482882',1512282688);

/*Table structure for table `pay_systembank` */

CREATE TABLE `pay_systembank` (
  `id` int(10) unsigned NOT NULL AUTO_INCREMENT,
  `bankcode` varchar(100) DEFAULT NULL,
  `bankname` varchar(300) DEFAULT NULL,
  `images` varchar(300) DEFAULT NULL,
  PRIMARY KEY (`id`)
) ENGINE=MyISAM AUTO_INCREMENT=198 DEFAULT CHARSET=utf8 COMMENT='结算银行';

/*Data for the table `pay_systembank` */

insert  into `pay_systembank`(`id`,`bankcode`,`bankname`,`images`) values (162,'BOB','北京银行','BOB.gif'),(164,'BEA','东亚银行','BEA.gif'),(165,'ICBC','中国工商银行','ICBC.gif'),(166,'CEB','中国光大银行','CEB.gif'),(167,'GDB','广发银行','GDB.gif'),(168,'HXB','华夏银行','HXB.gif'),(169,'CCB','中国建设银行','CCB.gif'),(170,'BCM','交通银行','BCM.gif'),(171,'CMSB','中国民生银行','CMSB.gif'),(172,'NJCB','南京银行','NJCB.gif'),(173,'NBCB','宁波银行','NBCB.gif'),(174,'ABC','中国农业银行','5414c87492ad8.gif'),(175,'PAB','平安银行','5414c0929a632.gif'),(176,'BOS','上海银行','BOS.gif'),(177,'SPDB','上海浦东发展银行','SPDB.gif'),(178,'SDB','深圳发展银行','SDB.gif'),(179,'CIB','兴业银行','CIB.gif'),(180,'PSBC','中国邮政储蓄银行','PSBC.gif'),(181,'CMBC','招商银行','CMBC.gif'),(182,'CZB','浙商银行','CZB.gif'),(183,'BOC','中国银行','BOC.gif'),(184,'CNCB','中信银行','CNCB.gif'),(193,'ALIPAY','支付宝','58b83a5820644.jpg'),(194,'WXZF','微信支付','58b83a757a298.jpg');

/*Table structure for table `pay_tikuanconfig` */

CREATE TABLE `pay_tikuanconfig` (
  `id` int(10) unsigned NOT NULL AUTO_INCREMENT,
  `userid` int(11) unsigned NOT NULL DEFAULT '0' COMMENT '商户编号',
  `tkzxmoney` decimal(10,2) unsigned NOT NULL DEFAULT '0.00' COMMENT '单笔最小提款金额',
  `tkzdmoney` decimal(10,2) unsigned NOT NULL DEFAULT '0.00' COMMENT '单笔最大提款金额',
  `dayzdmoney` decimal(10,2) unsigned NOT NULL DEFAULT '0.00' COMMENT '当日提款最大总金额',
  `dayzdnum` int(11) NOT NULL DEFAULT '0' COMMENT '当日提款最大次数',
  `t1zt` tinyint(1) unsigned NOT NULL DEFAULT '0' COMMENT 'T+1 ：1开启 0 关闭',
  `t0zt` tinyint(1) unsigned NOT NULL DEFAULT '0' COMMENT 'T+0 ：1开启 0 关闭',
  `gmt0` decimal(10,2) unsigned NOT NULL DEFAULT '0.00' COMMENT '购买T0',
  `tkzt` tinyint(1) unsigned NOT NULL DEFAULT '0' COMMENT '提款设置 1 开启 0 关闭',
  `tktype` tinyint(1) unsigned NOT NULL DEFAULT '0' COMMENT '提款手续费类型 1 每笔 0 比例 ',
  `systemxz` tinyint(1) unsigned NOT NULL DEFAULT '0' COMMENT '0 系统规则 1 用户规则',
  `sxfrate` varchar(20) DEFAULT NULL COMMENT '单笔提款比例',
  `sxffixed` varchar(20) DEFAULT NULL COMMENT '单笔提款手续费',
  `issystem` tinyint(1) unsigned DEFAULT '0' COMMENT '平台规则 1 是 0 否',
  `allowstart` tinyint(2) unsigned NOT NULL DEFAULT '0' COMMENT '提款允许开始时间',
  `allowend` tinyint(2) unsigned NOT NULL DEFAULT '0' COMMENT '提款允许结束时间',
  PRIMARY KEY (`id`),
  UNIQUE KEY `IND_UID` (`userid`)
) ENGINE=MyISAM AUTO_INCREMENT=32 DEFAULT CHARSET=utf8;

/*Data for the table `pay_tikuanconfig` */

insert  into `pay_tikuanconfig`(`id`,`userid`,`tkzxmoney`,`tkzdmoney`,`dayzdmoney`,`dayzdnum`,`t1zt`,`t0zt`,`gmt0`,`tkzt`,`tktype`,`systemxz`,`sxfrate`,`sxffixed`,`issystem`,`allowstart`,`allowend`) values (28,1,'102.00','50000.00','1000000.00',100,0,0,'100000.00',1,1,0,'2','2',1,11,21),(29,6,'0.00','0.00','0.00',0,0,0,'0.00',0,0,0,NULL,NULL,0,0,0),(30,2,'0.00','0.00','0.00',0,0,0,'0.00',0,0,0,NULL,NULL,0,0,0),(31,11,'0.00','0.00','0.00',0,0,0,'0.00',0,0,0,NULL,NULL,0,0,0);

/*Table structure for table `pay_tikuanholiday` */

CREATE TABLE `pay_tikuanholiday` (
  `id` int(10) unsigned NOT NULL AUTO_INCREMENT,
  `datetime` int(11) unsigned NOT NULL DEFAULT '0' COMMENT '排除日期',
  PRIMARY KEY (`id`)
) ENGINE=MyISAM AUTO_INCREMENT=12 DEFAULT CHARSET=utf8 COMMENT='排除节假日';

/*Data for the table `pay_tikuanholiday` */

/*Table structure for table `pay_tikuanmoney` */

CREATE TABLE `pay_tikuanmoney` (
  `id` int(10) unsigned NOT NULL AUTO_INCREMENT,
  `userid` int(11) NOT NULL DEFAULT '0' COMMENT '结算用户ID',
  `websiteid` int(11) NOT NULL DEFAULT '0',
  `payapiid` smallint(6) unsigned NOT NULL DEFAULT '0' COMMENT '结算通道ID',
  `t` tinyint(1) unsigned NOT NULL DEFAULT '0' COMMENT '结算方式: 1 T+1 ,0 T+0',
  `money` decimal(10,2) unsigned NOT NULL DEFAULT '0.00',
  `datetype` varchar(2) NOT NULL,
  `createtime` int(11) unsigned NOT NULL DEFAULT '0',
  PRIMARY KEY (`id`)
) ENGINE=MyISAM AUTO_INCREMENT=691 DEFAULT CHARSET=utf8;

/*Data for the table `pay_tikuanmoney` */

/*Table structure for table `pay_tikuantime` */

CREATE TABLE `pay_tikuantime` (
  `id` int(10) unsigned NOT NULL AUTO_INCREMENT,
  `baiks` tinyint(2) unsigned DEFAULT '0' COMMENT '白天提款开始时间',
  `baijs` tinyint(2) unsigned DEFAULT '0' COMMENT '白天提款结束时间',
  `wanks` tinyint(2) unsigned DEFAULT '0' COMMENT '晚间提款开始时间',
  `wanjs` int(11) DEFAULT '0',
  PRIMARY KEY (`id`)
) ENGINE=MyISAM AUTO_INCREMENT=2 DEFAULT CHARSET=utf8 COMMENT='提款时间';

/*Data for the table `pay_tikuantime` */

insert  into `pay_tikuantime`(`id`,`baiks`,`baijs`,`wanks`,`wanjs`) values (1,24,17,18,24);

/*Table structure for table `pay_tklist` */

CREATE TABLE `pay_tklist` (
  `id` int(10) unsigned NOT NULL AUTO_INCREMENT,
  `userid` int(11) NOT NULL,
  `bankname` varchar(300) NOT NULL,
  `bankzhiname` varchar(300) NOT NULL,
  `banknumber` varchar(300) NOT NULL,
  `bankfullname` varchar(300) NOT NULL,
  `sheng` varchar(300) NOT NULL,
  `shi` varchar(300) NOT NULL,
  `sqdatetime` datetime DEFAULT NULL,
  `cldatetime` datetime DEFAULT NULL,
  `status` tinyint(4) NOT NULL DEFAULT '0',
  `tkmoney` decimal(10,2) NOT NULL DEFAULT '0.00',
  `sxfmoney` decimal(10,2) unsigned NOT NULL DEFAULT '0.00',
  `money` decimal(10,2) unsigned NOT NULL DEFAULT '0.00',
  `t` int(4) NOT NULL DEFAULT '1',
  `payapiid` int(11) NOT NULL DEFAULT '0',
  `memo` varchar(500) DEFAULT NULL COMMENT '备注',
  PRIMARY KEY (`id`)
) ENGINE=MyISAM AUTO_INCREMENT=373 DEFAULT CHARSET=utf8;

/*Data for the table `pay_tklist` */

/*Table structure for table `pay_updatelog` */

CREATE TABLE `pay_updatelog` (
  `version` varchar(20) NOT NULL,
  `lastupdate` varchar(20) NOT NULL
) ENGINE=InnoDB DEFAULT CHARSET=utf8;

/*Data for the table `pay_updatelog` */

/*Table structure for table `pay_userrate` */

CREATE TABLE `pay_userrate` (
  `id` int(10) unsigned NOT NULL AUTO_INCREMENT,
  `userid` int(11) NOT NULL,
  `payapiid` smallint(6) unsigned NOT NULL DEFAULT '0' COMMENT '通道ID',
  `feilv` decimal(10,4) unsigned NOT NULL DEFAULT '0.0000' COMMENT '运营费率',
  `fengding` decimal(10,4) unsigned NOT NULL DEFAULT '0.0000' COMMENT '封顶费率',
  PRIMARY KEY (`id`)
) ENGINE=MyISAM AUTO_INCREMENT=209 DEFAULT CHARSET=utf8 COMMENT='商户通道费率';

/*Data for the table `pay_userrate` */

insert  into `pay_userrate`(`id`,`userid`,`payapiid`,`feilv`,`fengding`) values (21,2,907,'0.0060','0.0060'),(22,2,901,'0.0050','0.0080'),(23,2,902,'0.0160','0.0160'),(24,9,902,'0.0160','0.0160'),(25,9,903,'0.0160','0.0160'),(26,9,908,'0.0160','0.0160'),(27,7,902,'0.0160','0.0160'),(28,7,903,'0.0160','0.0160'),(29,7,908,'0.0160','0.0160'),(30,11,902,'0.0160','0.0160'),(31,11,903,'0.0160','0.0160'),(32,11,908,'0.0160','0.0160'),(33,12,902,'0.0160','0.0160'),(34,12,903,'0.0160','0.0160'),(35,12,908,'0.0160','0.0160'),(36,13,902,'0.0160','0.0160'),(37,13,903,'0.0160','0.0160'),(38,13,908,'0.0160','0.0160'),(39,14,902,'0.0160','0.0160'),(40,14,903,'0.0160','0.0160'),(41,14,908,'0.0160','0.0160'),(42,15,902,'0.0160','0.0160'),(43,15,903,'0.0160','0.0160'),(44,15,908,'0.0160','0.0160'),(45,6,902,'0.0160','0.0160'),(46,6,903,'0.0160','0.0160'),(47,6,908,'0.0160','0.0160'),(48,16,902,'0.0160','0.0160'),(49,16,903,'0.0160','0.0160'),(50,16,908,'0.0160','0.0160'),(51,17,902,'0.0160','0.0160'),(52,17,903,'0.0160','0.0160'),(53,17,908,'0.0160','0.0160'),(54,18,902,'0.0160','0.0160'),(55,18,903,'0.0160','0.0160'),(56,18,908,'0.0160','0.0160'),(57,19,902,'0.0160','0.0160'),(58,19,903,'0.0160','0.0160'),(59,19,908,'0.0160','0.0160'),(60,22,902,'0.0140','0.0140'),(61,22,903,'0.0140','0.0140'),(62,22,908,'0.0140','0.0140'),(63,23,902,'0.0160','0.0160'),(64,23,903,'0.0160','0.0160'),(65,23,908,'0.0160','0.0160'),(66,24,902,'0.0160','0.0160'),(67,24,903,'0.0160','0.0160'),(68,24,908,'0.0160','0.0160'),(69,25,902,'0.0160','0.0160'),(70,25,903,'0.0160','0.0160'),(71,25,908,'0.0160','0.0160'),(72,26,902,'0.0160','0.0160'),(73,26,903,'0.0160','0.0160'),(74,26,908,'0.0160','0.0160'),(75,27,902,'0.0160','0.0160'),(76,27,903,'0.0160','0.0160'),(77,27,908,'0.0160','0.0160'),(78,28,902,'0.0160','0.0160'),(79,28,903,'0.0160','0.0160'),(80,28,908,'0.0160','0.0160'),(81,29,902,'0.0130','0.0130'),(82,29,903,'0.0130','0.0130'),(83,29,908,'0.0130','0.0130'),(84,30,902,'0.0160','0.0160'),(85,30,903,'0.0160','0.0160'),(86,30,908,'0.0160','0.0160'),(87,31,902,'0.0160','0.0160'),(88,31,903,'0.0160','0.0160'),(89,31,908,'0.0160','0.0160'),(90,37,902,'0.0160','0.0160'),(91,37,903,'0.0160','0.0160'),(92,37,907,'0.0000','0.0000'),(93,37,908,'0.0160','0.0160'),(94,38,902,'0.0160','0.0160'),(95,38,903,'0.0160','0.0160'),(96,38,907,'0.0060','0.0060'),(97,38,908,'0.0160','0.0160'),(98,39,902,'0.0160','0.0160'),(99,39,903,'0.0160','0.0160'),(100,39,907,'0.0000','0.0000'),(101,39,908,'0.0160','0.0160'),(102,40,902,'0.0160','0.0160'),(103,40,903,'0.0160','0.0160'),(104,40,907,'0.0160','0.0160'),(105,40,908,'0.0160','0.0160'),(106,41,902,'0.0160','0.0160'),(107,41,903,'0.0160','0.0160'),(108,41,907,'0.0160','0.0160'),(109,41,908,'0.0160','0.0160'),(110,42,902,'0.0160','0.0160'),(111,42,903,'0.0160','0.0160'),(112,42,907,'0.0060','0.0060'),(113,42,908,'0.0160','0.0160'),(114,44,902,'0.0160','0.0160'),(115,44,903,'0.0160','0.0160'),(116,44,907,'0.0060','0.0060'),(117,44,908,'0.0160','0.0160'),(118,43,902,'0.0060','0.0060'),(119,43,903,'0.0060','0.0060'),(120,43,907,'0.0060','0.0060'),(121,43,908,'0.0060','0.0060'),(122,45,902,'0.0160','0.0160'),(123,45,903,'0.0160','0.0160'),(124,45,907,'0.0060','0.0060'),(125,45,908,'0.0160','0.0160'),(126,46,902,'0.0160','0.0160'),(127,46,903,'0.0160','0.0160'),(128,46,907,'0.0060','0.0060'),(129,46,908,'0.0160','0.0160'),(130,48,902,'0.0160','0.0160'),(131,48,903,'0.0160','0.0160'),(132,48,907,'0.0060','0.0060'),(133,48,908,'0.0160','0.0160'),(134,47,902,'0.0160','0.0160'),(135,47,903,'0.0160','0.0160'),(136,47,907,'0.0060','0.0060'),(137,47,908,'0.0160','0.0160'),(138,49,902,'0.0160','0.0160'),(139,49,903,'0.0160','0.0160'),(140,49,907,'0.0060','0.0060'),(141,49,908,'0.0160','0.0160'),(142,51,902,'0.0160','0.0160'),(143,51,903,'0.0160','0.0160'),(144,51,907,'0.0060','0.0060'),(145,51,908,'0.0160','0.0160'),(146,50,902,'0.0160','0.0160'),(147,50,903,'0.0160','0.0160'),(148,50,907,'0.0060','0.0060'),(149,50,908,'0.0160','0.0160'),(150,52,902,'0.0160','0.0160'),(151,52,903,'0.0160','0.0160'),(152,52,907,'0.0060','0.0060'),(153,52,908,'0.0160','0.0160'),(154,53,902,'0.0160','0.0160'),(155,53,903,'0.0160','0.0160'),(156,53,907,'0.0060','0.0060'),(157,53,908,'0.0160','0.0160'),(158,54,902,'0.0160','0.0160'),(159,54,903,'0.0160','0.0160'),(160,54,907,'0.0060','0.0060'),(161,54,908,'0.0160','0.0160'),(162,55,902,'0.0160','0.0160'),(163,55,903,'0.0160','0.0160'),(164,55,907,'0.0060','0.0060'),(165,55,908,'0.0160','0.0160'),(166,56,902,'0.0160','0.0160'),(167,56,903,'0.0160','0.0160'),(168,56,907,'0.0060','0.0060'),(169,56,908,'0.0160','0.0160'),(170,57,902,'0.0160','0.0160'),(171,57,903,'0.0160','0.0160'),(172,57,907,'0.0060','0.0060'),(173,57,908,'0.0160','0.0160'),(174,58,902,'0.0160','0.0160'),(175,58,903,'0.0160','0.0160'),(176,58,907,'0.0060','0.0060'),(177,58,908,'0.0160','0.0160'),(178,2,903,'0.0160','0.0160'),(179,2,908,'0.0160','0.0160'),(180,6,907,'0.0060','0.0060'),(181,59,902,'0.0160','0.0160'),(182,59,903,'0.0160','0.0160'),(183,59,907,'0.0060','0.0060'),(184,59,908,'0.0160','0.0160'),(185,60,902,'0.0160','0.0160'),(186,60,903,'0.0160','0.0160'),(187,60,907,'0.0060','0.0060'),(188,60,908,'0.0160','0.0160'),(189,32,902,'0.0160','0.0000'),(190,32,903,'0.0160','0.0000'),(191,32,907,'0.0060','0.0060'),(192,32,908,'0.0160','0.0000'),(193,61,902,'0.0160','0.0160'),(194,61,903,'0.0160','0.0160'),(195,61,907,'0.0060','0.0060'),(196,61,908,'0.0160','0.0160'),(197,62,902,'0.0160','0.0160'),(198,62,903,'0.0160','0.0160'),(199,62,907,'0.0060','0.0060'),(200,62,908,'0.0160','0.0160'),(201,63,902,'0.0160','0.0160'),(202,63,903,'0.0160','0.0160'),(203,63,907,'0.0060','0.0060'),(204,63,908,'0.0160','0.0160'),(205,64,902,'0.0160','0.0160'),(206,64,903,'0.0160','0.0160'),(207,64,907,'0.0000','0.0000'),(208,64,908,'0.0160','0.0160');

/*Table structure for table `pay_websiteconfig` */

CREATE TABLE `pay_websiteconfig` (
  `id` int(10) unsigned NOT NULL AUTO_INCREMENT,
  `websitename` varchar(300) DEFAULT NULL COMMENT '网站名称',
  `domain` varchar(300) DEFAULT NULL COMMENT '网址',
  `email` varchar(100) DEFAULT NULL,
  `tel` varchar(30) DEFAULT NULL,
  `qq` varchar(30) DEFAULT NULL,
  `directory` varchar(100) DEFAULT NULL COMMENT '后台目录名称',
  `icp` varchar(100) DEFAULT NULL,
  `tongji` varchar(1000) DEFAULT NULL COMMENT '统计',
  `login` varchar(100) DEFAULT NULL COMMENT '登录地址',
  `payingservice` tinyint(1) unsigned DEFAULT '0' COMMENT '商户代付 1 开启 0 关闭',
  `authorized` tinyint(1) unsigned NOT NULL DEFAULT '0' COMMENT '商户认证 1 开启 0 关闭',
  `invitecode` tinyint(1) unsigned NOT NULL DEFAULT '0' COMMENT '邀请码注册',
  `company` varchar(200) DEFAULT NULL COMMENT '公司名称',
  `serverkey` varchar(50) DEFAULT NULL COMMENT '授权服务key',
  `usergateway` varchar(200) DEFAULT NULL COMMENT '用户网关',
  PRIMARY KEY (`id`)
) ENGINE=MyISAM AUTO_INCREMENT=2 DEFAULT CHARSET=utf8;

/*Data for the table `pay_websiteconfig` */

insert  into `pay_websiteconfig`(`id`,`websitename`,`domain`,`email`,`tel`,`qq`,`directory`,`icp`,`tongji`,`login`,`payingservice`,`authorized`,`invitecode`,`company`,`serverkey`,`usergateway`) values (1,'TRC20 USDT聚合API支付系统','127.0.0.189','aoyoupay@gmail.com','','155353655','manage','闽ICP备16019359号','统计 ','pay9',0,1,1,'','0d6de302cbc615de3b09463acea87662','http://127.0.0.189');

/*Table structure for table `pay_wttklist` */

CREATE TABLE `pay_wttklist` (
  `id` int(10) unsigned NOT NULL AUTO_INCREMENT,
  `userid` int(11) NOT NULL,
  `bankname` varchar(300) NOT NULL,
  `bankzhiname` varchar(300) NOT NULL,
  `banknumber` varchar(300) NOT NULL,
  `bankfullname` varchar(300) NOT NULL,
  `sheng` varchar(300) NOT NULL,
  `shi` varchar(300) NOT NULL,
  `sqdatetime` datetime DEFAULT NULL,
  `cldatetime` datetime DEFAULT NULL,
  `status` tinyint(4) NOT NULL DEFAULT '0',
  `tkmoney` decimal(10,2) unsigned NOT NULL DEFAULT '0.00' COMMENT '提款金额',
  `sxfmoney` decimal(10,2) unsigned NOT NULL DEFAULT '0.00' COMMENT '手续费',
  `money` decimal(10,2) unsigned NOT NULL DEFAULT '0.00' COMMENT '实际到账',
  `t` int(4) NOT NULL DEFAULT '1',
  `payapiid` int(11) NOT NULL DEFAULT '0',
  `memo` varchar(500) NOT NULL COMMENT '备注',
  PRIMARY KEY (`id`)
) ENGINE=MyISAM AUTO_INCREMENT=19 DEFAULT CHARSET=utf8;

/*Data for the table `pay_wttklist` */

/*!40101 SET SQL_MODE=@OLD_SQL_MODE */;
/*!40014 SET UNIQUE_CHECKS=@OLD_UNIQUE_CHECKS */;
/*!40111 SET SQL_NOTES=@OLD_SQL_NOTES */;
